match_file,id,aic_flare,chi_flare,dof_flare,aic_gauss,chi_gauss,dof_gauss,exp_comp,perc_comp
ztf_000436_zr_c01_q1_match_programid2,33146,26.12984108913662,18.129841179503714,24,24.166865670524718,16.16686580451401,24,66299.99667057683,-1.9629754186119008
ztf_000436_zr_c01_q1_match_programid2,34396,28.90250977200915,20.90250979476824,24,121.78532951594373,113.78533050601551,24,4.1171466066141655e+46,92.88281974393458
ztf_000436_zr_c01_q1_match_programid2,65253,56.14674198273677,48.14674248862738,32,25.444375578944193,17.44437571675473,32,0.07215090774925172,-30.702366403792578
ztf_000436_zr_c01_q1_match_programid2,67219,31.952824036959687,23.952824259489226,48,29.311256597125094,21.311256764475615,48,618371.4320578057,-2.641567439834592
ztf_000436_zr_c01_q1_match_programid2,98283,67.41471496630172,59.4147150099765,67,49.48195698708876,41.4819571982639,67,7092862.140044567,-17.93275797921296
ztf_000436_zr_c01_q1_match_programid2,103617,72.26912863694486,64.2691289801705,107,53.27225550272784,45.272255605784025,107,27720733.258290697,-18.99687313421702
ztf_000436_zr_c01_q1_match_programid2,116468,12.740740809231825,4.740740818226804,10,14.410081061330487,6.410081044539017,10,3101.715599896138,1.669340252098662
ztf_000436_zr_c01_q1_match_programid2,117367,16.456656711516793,8.456656695567156,49,16.432958756653594,8.432958746244307,49,3657.848459311607,-0.02369795486319859
ztf_000436_zr_c01_q1_match_programid2,123504,31.876003562943545,23.87600370016849,28,16.104681365142106,8.104681288832772,28,1.1813756726009859,-15.771322197801439
ztf_000436_zr_c01_q1_match_programid2,127291,18.77098168845693,10.770981807705741,59,16.92640807307157,8.926408098905346,59,1883.5568857817052,-1.844573615385361
ztf_000436_zr_c01_q1_match_programid2,133369,35.78444074487891,27.784440973423035,54,28.707938345121207,20.70793858859806,54,49797.396009599,-7.0765023997577
ztf_000436_zr_c01_q1_match_programid2,145028,34.48825120859694,26.488251433987408,45,39.658991524119784,31.658991775317993,45,5428159264.754046,5.170740315522842
ztf_000436_zr_c01_q1_match_programid2,152114,29.91203957977434,21.912039349240636,56,30.21464460182443,22.21464443698996,56,4233860.624350203,0.30260502205008777
ztf_000436_zr_c01_q1_match_programid2,20711,73.96242503740858,65.96242538502058,104,64.39798165561452,56.3979819100759,104,807144975797.684,-9.564443381794064
ztf_000436_zr_c01_q2_match_programid2,1406,21.755823180010516,13.755823227973037,30,20.836567446988955,12.83656749455859,30,21134.369002496198,-0.9192557330215614
ztf_000436_zr_c01_q2_match_programid2,1484,18.017871676523313,10.017871805464338,9,11.827225315269313,3.827225278670734,9,16.748178012938556,-6.190646361254
ztf_000436_zr_c01_q2_match_programid2,1495,11.408756809942096,3.4087568753591926,13,11.166059355903785,3.166059406585361,13,235.49294393136972,-0.24269745403831067
ztf_000436_zr_c01_q2_match_programid2,1498,23.219321733724662,15.21932149673714,13,21.697833630767942,13.697833353843464,13,24056.794805020992,-1.5214881029567202
ztf_000436_zr_c01_q2_match_programid2,1503,18.261307101590965,10.261307048829451,20,17.500838608223713,9.50083856123192,20,4316.434777110095,-0.7604684933672523
ztf_000436_zr_c01_q2_match_programid2,1526,20.689514873440014,12.689514886578047,10,42.52863607981698,34.52863672025143,10,94903209719614.33,21.839121206376962
ztf_000436_zr_c01_q2_match_programid2,1548,15.29391747140882,7.293917465622493,12,15.51767817948802,7.517678184543316,12,2619.4494570657257,0.22376070807919923
ztf_000436_zr_c01_q2_match_programid2,1676,11.389755746611765,3.3897557070098054,10,11.599147510555447,3.5991474695460886,10,366.5993774565242,0.20939176394368175
ztf_000436_zr_c01_q2_match_programid2,2862,244.4473628205269,236.44736227851718,52,184.8042805466893,176.80428007101466,52,1.5080261730764298e+27,-59.64308227383759
ztf_000436_zr_c01_q2_match_programid2,31779,22.659999546148782,14.659999370079023,49,20.31064464040101,12.310644471711141,49,7947.755711283516,-2.3493549057477736
ztf_000436_zr_c01_q2_match_programid2,48212,46.401845101310776,38.401845365773454,85,36.346465449562984,28.34646567190757,85,511725.12719226436,-10.055379651747792
ztf_000436_zr_c01_q2_match_programid2,49835,14.454449160838369,6.454449293925977,10,13.913917939468895,5.913918073045381,10,801.6670395844172,-0.5405312213694735
ztf_000436_zr_c01_q2_match_programid2,49848,14.012206304440154,6.01220628357208,12,12.80412491399379,4.804124869669829,12,329.64679456966314,-1.2080813904463632
ztf_000436_zr_c01_q2_match_programid2,49850,11.270048940363441,3.2700489379701465,10,10.985299715438892,2.985299705307929,10,210.66627478035232,-0.2847492249245498
ztf_000436_zr_c01_q2_match_programid2,49892,9.484681881619617,1.4846818791591423,10,9.48060556071347,1.4806055577483377,10,114.23578705641144,-0.0040763209061474015
ztf_000436_zr_c01_q2_match_programid2,49902,8.439143170892951,0.43914318079411013,7,8.317123078077369,0.3171230835383086,7,60.19272468668521,-0.1220200928155819
ztf_000436_zr_c01_q2_match_programid2,49905,22.105557781037547,14.105557852030405,30,19.96739193606971,11.967391995749004,30,7439.902668501724,-2.138165844967837
ztf_000436_zr_c01_q2_match_programid2,49943,22.353157507641342,14.35315765732831,20,21.51751337071449,13.517513504219385,20,30974.966249549212,-0.8356441369268524
ztf_000436_zr_c01_q2_match_programid2,49944,18.80787413611171,10.807874116413608,17,15.646805129159517,7.646805153122545,17,514.3315318369839,-3.161069006952193
ztf_000436_zr_c01_q2_match_programid2,49963,23.615714304331018,15.615714606467858,24,20.896910515323025,12.896910660191372,24,8857.796965224516,-2.7188037890079926
ztf_000436_zr_c01_q2_match_programid2,79056,47.22804119512268,39.22804158743578,54,33.43770057088519,25.43770078144796,54,18465.87980503613,-13.790340624237487
ztf_000436_zr_c01_q2_match_programid2,85740,76.19130123818334,68.19130150138716,54,38.639966654465496,30.639966650482577,54,1.7234292145493948,-37.551334583717846
ztf_000436_zr_c01_q2_match_programid2,87092,13.628641556295515,5.6286415918681785,18,13.132030510798835,5.1320305478387205,18,554.3020377354395,-0.4966110454966799
ztf_000436_zr_c01_q2_match_programid2,87181,22.506398021951455,14.506398215344358,10,15.106744259188979,7.1067443207928065,10,47.15996097719501,-7.399653762762476
ztf_000436_zr_c01_q2_match_programid2,87254,19.90744941751621,11.90744950609683,24,19.661875889163642,11.661875970157231,24,16451.158519081127,-0.24557352835256907
ztf_000436_zr_c01_q2_match_programid2,104074,11.130448736117154,3.130448711381179,9,11.12968641475545,3.129686389908557,9,260.98476832113056,-0.0007623213617033997
ztf_000436_zr_c01_q2_match_programid2,120396,54.036780455685324,46.03678029424995,33,54.36696307321188,46.36696287307937,33,753935641619.637,0.3301826175265532
ztf_000436_zr_c01_q2_match_programid2,120419,12.538014309173256,4.538014388076158,9,16.628255893935584,8.628256049510385,9,31547.47204330848,4.090241584762328
ztf_000436_zr_c01_q2_match_programid2,120464,13.699754185666539,5.699754107834287,11,14.087097066363818,6.087096990729835,11,1390.2237348983697,0.38734288069727896
ztf_000436_zr_c01_q2_match_programid2,144544,92.89269698309455,84.89269740126015,51,45.149226903144594,37.149226952040095,51,0.2733173817892114,-47.74347007994996
ztf_000436_zr_c01_q2_match_programid2,145328,14.390661796503254,6.390661672587689,10,13.986573688041217,5.986573561157205,10,890.0189812888366,-0.40408810846203735
ztf_000436_zr_c01_q2_match_programid2,152859,28.137493492921724,20.1374933738486,56,21.801334259748522,13.80133421796744,56,2281.4979761283403,-6.336159233173202
ztf_000436_zr_c01_q2_match_programid2,157755,37.55429091173475,29.554290587385772,54,33.071539701272194,25.071539477571125,54,1614271.3646046992,-4.48275121046256
ztf_000436_zr_c01_q2_match_programid2,166518,25.95529407865574,17.955293952899552,20,82.10894437351618,74.10894469436539,20,1.0552150071040975e+30,56.15365029486044
ztf_000436_zr_c01_q2_match_programid2,175959,26.627980367565836,18.627980305788903,37,22.972505078743318,14.972504923955887,37,15654.518791480254,-3.655475288822519
ztf_000436_zr_c01_q2_match_programid2,4989,15.222628745617813,7.2226287811443735,24,62.36278174493624,54.36278297502,24,6.001504772880962e+23,47.14015299931843
ztf_000436_zr_c01_q2_match_programid2,15678,61.40151483173696,53.40151427618047,57,48.9287731342282,40.928772682448574,57,82475820.07616125,-12.47274169750876
ztf_000436_zr_c01_q2_match_programid2,28771,19.004378530578677,11.004378452892041,10,152.2988565077505,144.29885624913538,10,1.0370617526820935e+62,133.29447797717182
ztf_000436_zr_c01_q2_match_programid2,29191,13.201887627766775,5.20188762414444,10,12.977915756517856,4.977915765491927,10,588.1440745527077,-0.22397187124891893
ztf_000436_zr_c01_q3_match_programid2,176,52.10837950328753,44.10837962358507,27,46.78350555758081,38.78350579871816,27,1006068307.0158699,-5.32487394570672
ztf_000436_zr_c01_q3_match_programid2,13793,291.95228868243936,283.952291315703,62,119.3584308356418,111.35843176406267,62,2.754697428755992e-12,-172.59385784679756
ztf_000436_zr_c01_q3_match_programid2,14207,35.76630478639849,27.766304639971366,26,33.9683333669968,25.968333255468337,26,9676211.162479406,-1.7979714194016907
ztf_000436_zr_c01_q4_match_programid2,22863,81.08681389592982,73.086813200112,60,89.82370909912683,81.82370773328384,60,2.52442975668935e+21,8.736895203197008
ztf_000436_zr_c01_q4_match_programid2,36347,8.645754506440968,0.6457545010538218,10,35.1200375274042,27.12003749898151,10,23715744637211.52,26.474283020963234
ztf_000436_zr_c01_q4_match_programid2,58076,109.63743501707816,101.63743573414592,51,83.9211022384963,75.92110247282605,51,4355169864531.5796,-25.716332778581858
ztf_000436_zr_c01_q4_match_programid2,76710,77.24017901082877,69.24017935804406,30,41.550845516728806,33.550845980748555,30,18.741794150487376,-35.68933349409996
ztf_000436_zr_c01_q4_match_programid2,78590,144.7017194679101,136.70171992901535,70,83.19597676851764,75.19597673324044,70,51283.12525063112,-61.50574269939246
ztf_000436_zr_c01_q4_match_programid2,95462,130.1789818142015,122.17898242909362,57,127.39404492863011,119.39404553197592,57,1.1442581358049108e+27,-2.7849368855713976
ztf_000436_zr_c01_q4_match_programid2,101518,34.604108003233904,26.6041081058876,59,24.507104723385755,16.507104752264773,59,1346.212969612002,-10.097003279848149
ztf_000436_zr_c01_q4_match_programid2,105005,242.0672983874607,234.06730087005548,104,194.3610979629323,186.36110015388175,104,7.009812031753714e+31,-47.70620042452842
ztf_000436_zr_c01_q4_match_programid2,110186,62.630106369725695,54.63010635136902,59,34.05377796579878,26.053777902210605,59,15.467248384690254,-28.576328403926915
ztf_000436_zr_c01_q4_match_programid2,121355,73.4669972510332,65.46699782145903,41,61.67729600175293,53.677296153011255,41,68069656371.939156,-11.789701249280277
ztf_000436_zr_c01_q4_match_programid2,128821,5552.613950233009,5544.614011704356,46,324.8067807184347,316.8067851870669,46,0.0,-5227.8071695145745
ztf_000436_zr_c01_q4_match_programid2,131717,355.322962523066,347.32296367849483,91,182.1516477931495,174.15164769243594,91,89.13628865296651,-173.1713147299165
ztf_000436_zr_c01_q4_match_programid2,132107,53.89424500636086,45.89424531353201,73,50.523470770716024,42.523471064631806,73,17341152441.460636,-3.370774235644838
ztf_000436_zr_c01_q4_match_programid2,137570,71.73382719200634,63.73382821209922,17,86.25271717361916,78.25271855370862,17,7.625642831733293e+21,14.518889981612816
ztf_000436_zr_c01_q4_match_programid2,141260,33.02935632369248,25.02935668816798,28,22.984052569699138,14.984052656284774,28,645.0800436980959,-10.045303753993345
ztf_000436_zr_c01_q4_match_programid2,142303,80.16112092215283,72.16112026233571,25,49.72703805921047,41.727037845840336,25,15467.210307712307,-30.43408286294236
ztf_000436_zr_c01_q4_match_programid2,143652,55.58514348275428,47.5851431840586,23,49.20834497340728,41.20834524020719,23,1998720838.2857373,-6.3767985093470045
ztf_000436_zr_c01_q4_match_programid2,148980,259.4650368641195,251.46503956154703,57,209.40554458662004,201.40554640024683,57,3.9953572230803254e+34,-50.05949227749946
ztf_000436_zr_c01_q4_match_programid2,149392,108.53389201905888,100.53389120159032,56,110.00328647395375,102.00328615636111,56,1.606886141353351e+24,1.4693944548948679
ztf_000436_zr_c01_q4_match_programid2,159977,260.9222307033907,252.92223118275564,60,229.50541392412504,221.50541448276863,60,1.0336948057671137e+43,-31.416816779265673
ztf_000436_zr_c01_q4_match_programid2,20873,164.37102747507473,156.371026456906,106,129.122647219662,121.12264664661653,106,2.4240304311759022e+20,-35.24838025541271
ztf_000436_zr_c01_q4_match_programid2,41663,94.64626641401296,86.64626748181516,25,81.55588630214925,73.5558873429546,25,736369462018653.1,-13.090380111863709
ztf_000436_zr_c02_q1_match_programid2,1872,14.940920330071602,6.940920317651897,8,14.341738538502712,6.341738546307522,8,964.1803608878645,-0.5991817915688902
ztf_000436_zr_c02_q1_match_programid2,20474,30.076399956968913,22.07639984302741,28,32.86877403567826,24.86877385129202,28,55426814.85078967,2.7923740787093436
ztf_000436_zr_c02_q1_match_programid2,23943,41.74501234144339,33.745012432154766,102,28.634114583336803,20.63411469152162,102,2348.6792141747874,-13.110897758106589
ztf_000436_zr_c02_q1_match_programid2,23947,50.98220735950301,42.982207379713444,66,26.381738052754404,18.38173810118482,66,2.436674921886367,-24.600469306748604
ztf_000436_zr_c02_q1_match_programid2,24049,148.8636507598786,140.86364955710167,40,35.713239154215906,27.713239139742278,40,1.5301417148123873e-17,-113.1504116056627
ztf_000436_zr_c02_q1_match_programid2,24585,50.04264061086536,42.042640400138005,89,78.57074320711115,70.57074291144947,89,1.8039266529707867e+23,28.528102596245787
ztf_000436_zr_c02_q1_match_programid2,28803,124.78061751245826,116.78061626265713,58,30.17778154034225,22.17778142570894,58,1.0239463022463257e-14,-94.60283597211601
ztf_000436_zr_c02_q1_match_programid2,34183,57.8711125028982,49.87111249593299,28,27.170612464231656,19.17061272412111,28,0.17119640964101576,-30.700500038666544
ztf_000436_zr_c02_q1_match_programid2,34251,31.428310150323096,23.428310435846857,23,15.51548439898431,7.5154844875721585,23,0.8198198350834267,-15.912825751338787
ztf_000436_zr_c02_q1_match_programid2,36400,40.65460409699395,32.65460402893671,59,34.32442794599896,26.324427856485748,59,1199152.838467767,-6.330176150994987
ztf_000436_zr_c02_q1_match_programid2,41923,23.6835979194447,15.6835978937739,24,16.84475063201137,8.84475060961781,24,148.85187326332098,-6.838847287433332
ztf_000436_zr_c02_q1_match_programid2,53095,35.562742190234815,27.562742320408024,8,37.98807481064659,29.98807497200902,8,596567954.7805626,2.4253326204117727
ztf_000436_zr_c02_q1_match_programid2,53099,40.80982411974876,32.809823803859636,20,41.02672396081388,33.02672367783582,20,903522798.2515826,0.21689984106512128
ztf_000436_zr_c02_q1_match_programid2,53116,23.358696699861003,15.358696800449506,13,41.81166160205277,33.811661455145064,13,12198245576504.781,18.45296490219177
ztf_000436_zr_c02_q1_match_programid2,53117,18.70441078916921,10.704410917430282,10,33.941166976518225,25.941167395423875,10,47736473293.68427,15.236756187349016
ztf_000436_zr_c02_q1_match_programid2,53156,9.908754747451022,1.9087547325562244,13,10.078339716279107,2.078339708048356,13,167.99972500948166,0.16958496882808483
ztf_000436_zr_c02_q1_match_programid2,53161,48.922832937349796,40.922832794492045,13,34.36063551352605,26.360635441951022,13,19914.811788912484,-14.562197423823747
ztf_000436_zr_c02_q1_match_programid2,58160,26.391910295419535,18.391910282781783,50,19.0835636079077,11.083563568346465,50,360.5420019486294,-7.308346687511836
ztf_000436_zr_c02_q1_match_programid2,58403,141.5593623922562,133.55936255529056,43,61.124500391047775,53.124500328525194,43,6.409265385314763e-05,-80.43486200120842
ztf_000436_zr_c02_q1_match_programid2,70137,28.354389949677028,20.354390003942978,14,21.358739594365282,13.358739637819404,14,1314.9377689856535,-6.995650355311746
ztf_000436_zr_c02_q1_match_programid2,71215,64.30774742668756,56.30774729450067,71,41.288383013755926,33.28838302884508,71,9269.727853965203,-23.01936441293163
ztf_000436_zr_c02_q1_match_programid2,78559,126.91356461432052,118.9135663523317,74,33.29108849491695,25.291088551294834,74,7.928766616357125e-14,-93.62247611940357
ztf_000436_zr_c02_q1_match_programid2,78683,254.5192698558034,246.5192709460154,104,214.42933149873585,206.4293312072289,104,7.199763152929304e+37,-40.08993835706755
ztf_000436_zr_c02_q1_match_programid2,83597,103.25164738296374,95.25164642523356,21,58.15280457087212,50.15280487117366,21,683.3320322172752,-45.09884281209162
ztf_000436_zr_c02_q1_match_programid2,95821,37.19755325175821,29.19755297122764,18,34.618610957740245,26.61861069869023,18,9064120.100347081,-2.5789422940179634
ztf_000436_zr_c02_q1_match_programid2,95874,30.012971550275168,22.01297128621502,12,71.03566060343991,63.03566079788301,12,2.153582202673511e+24,41.02268905316474
ztf_000436_zr_c02_q1_match_programid2,115241,34.158923549310614,26.15892335724699,74,27.66201524765783,19.662015139617978,74,39440.69668559114,-6.496908301652784
ztf_000436_zr_c02_q1_match_programid2,115396,269.90029235035445,261.9002907751864,77,59.167169333409696,51.167169270231305,77,1.2242534468020038e-33,-210.73312301694475
ztf_000436_zr_c02_q1_match_programid2,118646,162.25090983153535,154.25090977187466,77,53.74512783680142,45.74512777493593,77,1.284916887108376e-12,-108.50578199473392
ztf_000436_zr_c02_q1_match_programid2,119026,52.00400599174151,44.00400561243134,20,28.190648313277553,20.19064809305734,20,8.923116932119589,-23.813357678463955
ztf_000436_zr_c02_q1_match_programid2,119238,33.688171357481686,25.688171109142253,41,28.073019897012802,20.073019646098643,41,75277.3233928609,-5.6151514604688835
ztf_000436_zr_c02_q1_match_programid2,125417,20.520442531198043,12.520442619967412,18,12.781037265546013,4.781037286446429,18,12.438742536749215,-7.73940526565203
ztf_000436_zr_c02_q1_match_programid2,130485,45.767505818549864,37.76750606362045,55,25.940299537753802,17.940299465807446,55,21.25403221106431,-19.827206280796062
ztf_000436_zr_c02_q1_match_programid2,142944,28.63354036638121,20.633540253280568,26,31.570603775927932,23.570603695170256,26,31134702.55159915,2.9370634095467203
ztf_000436_zr_c02_q1_match_programid2,144281,93.42257633280927,85.42257692848779,75,50.40023476495387,42.400235179884035,75,40.002685867581526,-43.0223415678554
ztf_000436_zr_c02_q1_match_programid2,146654,203.50832323558646,195.5083211941524,94,86.91761186925343,78.91761139861143,94,3.602204079485541e-07,-116.59071136633303
ztf_000436_zr_c02_q1_match_programid2,147208,49.43061285861668,41.430613006788555,44,29.26064693206054,21.26064699412391,44,94.19249455321922,-20.169965926556145
ztf_000436_zr_c02_q1_match_programid2,148989,438.2869336276727,430.2869295150688,94,101.32505234349662,93.32505280487943,94,6.79379955014682e-52,-336.96188128417606
ztf_000436_zr_c02_q1_match_programid2,149601,72.19169859284094,64.19169916968134,63,42.22829684986052,34.22829720198791,63,460.5620324891544,-29.963401742980416
ztf_000436_zr_c02_q1_match_programid2,159122,19.214236473966707,11.214236502126752,33,24.04170336224931,16.04170354142106,33,1857208.5248239592,4.827466888282604
ztf_000436_zr_c02_q1_match_programid2,168189,31.802874729826154,23.802874558241285,38,22.849702513524807,14.849702570403858,38,1041.341587307546,-8.953172216301347
ztf_000436_zr_c02_q1_match_programid2,172684,33.83416906699621,25.834169363937505,24,24.00657883796829,16.00657904585641,24,1199.301165999017,-9.82759022902792
ztf_000436_zr_c02_q1_match_programid2,173681,9.390602132726073,1.3906021121586278,6,14.915912900245521,6.915912693460692,6,27463.464422753725,5.525310767519448
ztf_000436_zr_c02_q1_match_programid2,176705,75.36101366917757,67.36101461387561,19,21.370792646856152,13.370792728348679,19,8.256217527664878e-08,-53.990221022321414
ztf_000436_zr_c02_q1_match_programid2,178435,92.79711643748877,84.79711631262369,89,33.61794005068222,25.61794015480573,89,2.81480331806527e-06,-59.179176386806546
ztf_000436_zr_c02_q1_match_programid2,182130,61.83054375985862,53.8305440313661,58,30.62581319680004,22.62581328852384,58,0.7486687249208055,-31.204730563058583
ztf_000436_zr_c02_q1_match_programid2,184473,132.58166154902324,124.58165990680486,14,36.91220545539666,28.9122050106196,14,1.7419076962648422e-13,-95.66945609362658
ztf_000436_zr_c02_q1_match_programid2,184474,145.18219935321963,137.1821990924375,14,29.483591825821552,21.48359174410722,14,1.899534613864958e-19,-115.69860752739808
ztf_000436_zr_c02_q1_match_programid2,192030,79.60317294296982,71.6031725783003,48,67.52404147674534,59.524041076081716,48,1095744333907.9442,-12.079131466224482
ztf_000436_zr_c02_q2_match_programid2,19678,125.86691974000554,117.86691858989195,40,31.244120431007797,23.24412022766648,40,1.7278050797032158e-14,-94.62279930899774
ztf_000436_zr_c02_q2_match_programid2,30843,77.33140134205806,69.33140115220789,53,34.89910084240731,26.89910082911458,53,0.023130577658541,-42.43230049965075
ztf_000436_zr_c02_q2_match_programid2,31115,52.15123069023277,44.15123052351963,28,14.871823066989705,6.871823006280659,28,1.3622437913724327e-05,-37.27940762324307
ztf_000436_zr_c02_q2_match_programid2,31184,18.17284043430245,10.17284032227858,18,284.7894419694776,276.78944017230305,18,5.448801553398454e+119,266.61660153517516
ztf_000436_zr_c02_q2_match_programid2,46252,58.35556614126779,50.355566052547964,66,43.967833635056934,35.96783360282915,66,2649947.9716314273,-14.38773250621086
ztf_000436_zr_c02_q2_match_programid2,54857,39.39825513708762,31.398255603292906,45,34.93905165353985,26.939052114215272,45,4155420.086434439,-4.459203483547768
ztf_000436_zr_c02_q2_match_programid2,67534,95.49577123904331,87.49576989667582,57,42.33511355224226,34.33511323158805,57,0.004459261688808641,-53.160657686801045
ztf_000436_zr_c02_q2_match_programid2,72624,98.53083646496597,90.53083618258219,49,39.847048387621456,31.84704819864864,49,8.121830989798262e-05,-58.683788077344516
ztf_000436_zr_c02_q2_match_programid2,90936,187.15289174617422,179.15288888716842,32,22.54149893400414,14.541498765506203,32,1.4122595560349633e-31,-164.6113928121701
ztf_000436_zr_c02_q2_match_programid2,93798,13.739295776117608,5.739295836267153,27,12.711523943366956,4.711523980386703,27,344.4248950804077,-1.027771832750652
ztf_000436_zr_c02_q2_match_programid2,93847,97.9343251368403,89.93432475921114,56,42.954433386049175,34.95443344784237,56,0.002447399657466156,-54.979891750791126
ztf_000436_zr_c02_q2_match_programid2,94267,44.188920588816984,36.188920310747875,59,30.821517655789084,22.82151737260619,59,6167.552504009622,-13.3674029330279
ztf_000436_zr_c02_q2_match_programid2,98800,140.2187022427733,132.2187026136734,49,44.21284236116787,36.21284207161448,49,5.666164057447055e-12,-96.00585988160543
ztf_000436_zr_c02_q2_match_programid2,109551,67.19660359806215,59.19660232663996,35,31.453641804500286,23.4536416948042,35,0.11710784758450817,-35.74296179356187
ztf_000436_zr_c02_q2_match_programid2,110130,97.76846945238178,89.76846976187535,43,35.87158978172245,27.87158991526634,43,2.2319276151299112e-06,-61.89687967065933
ztf_000436_zr_c02_q2_match_programid2,110349,93.99461465381368,85.99461444093323,49,51.47978233430083,43.479781186118686,49,88.45332461389602,-42.514832319512855
ztf_000436_zr_c02_q2_match_programid2,117122,60.454057354914134,52.454057485086615,42,27.382833122196875,19.38283310749133,42,0.0581810513602008,-33.071224232717256
ztf_000436_zr_c02_q2_match_programid2,117555,31.56183082120451,23.561830812266507,53,25.373494499298065,17.373494464747523,53,14655.618975068517,-6.188336321906444
ztf_000436_zr_c02_q2_match_programid2,133666,51.915980863408926,43.915981331959294,41,30.042784150998475,22.04278420392888,41,59.42967729095095,-21.87319671241045
ztf_000436_zr_c02_q2_match_programid2,135322,51.87491246050205,43.87491232760605,49,38.91982556637835,30.919825490461477,49,434681.70783957385,-12.955086894123703
ztf_000436_zr_c02_q2_match_programid2,148491,66.84637751947339,58.846378189733706,17,52.60440272679863,44.60440291795184,17,213941670.28309783,-14.24197479267476
ztf_000436_zr_c02_q2_match_programid2,149601,74.20306500802427,66.20306482921524,66,41.82014986266656,33.82014984613545,66,112.01327137047454,-32.38291514535771
ztf_000436_zr_c02_q2_match_programid2,154906,26510.04015359965,26502.039359295977,46,45.993185087782344,37.99318457411604,46,0.0,-26464.046968511866
ztf_000436_zr_c02_q2_match_programid2,158485,995.6811860798739,987.6811774622086,48,66.57254099996518,58.572540682058815,48,5.042719111786175e-188,-929.1086450799087
ztf_000436_zr_c02_q2_match_programid2,158644,47.17703255568455,39.177032737907936,46,32.13561585656021,24.135615727466604,46,5151.790374195416,-15.04141669912434
ztf_000436_zr_c02_q2_match_programid2,158894,376.0342209769614,368.03421807864686,17,240.46544895748278,232.46544817859333,17,5.99824198103292e+22,-135.56877201947864
ztf_000436_zr_c02_q2_match_programid2,159248,19.19920727287836,11.199207179495405,54,19.05161752280084,11.051617413046706,54,12733.783852176693,-0.14758975007752184
ztf_000436_zr_c02_q2_match_programid2,162922,43.72119644506569,35.72119642453143,82,42.29059813233337,34.290598162345404,82,745823779.5345587,-1.4305983127323145
ztf_000436_zr_c02_q2_match_programid2,169710,75.4132017515142,67.41320151356635,103,36.1255149347178,28.125514728423465,103,0.20575154279863378,-39.287686816796395
ztf_000436_zr_c02_q2_match_programid2,170195,61.7390898680447,53.73909078052449,72,49.62223610842828,41.62223675219079,72,139376738.60627025,-12.116853759616419
ztf_000436_zr_c02_q2_match_programid2,180378,51.91168918684846,43.91168964535826,36,47.20676081895573,39.20676109382408,36,1694945163.827822,-4.704928367892734
ztf_000436_zr_c02_q2_match_programid2,182447,1217.1860245132764,1209.1860207139296,48,157.4399319894826,149.439931707093,48,1.1660220046670434e-196,-1059.7460925237938
ztf_000436_zr_c02_q2_match_programid2,195925,508.16214884213804,500.1621442735714,51,166.84919639329172,158.84919390564596,51,1.3051989822829772e-38,-341.3129524488463
ztf_000436_zr_c02_q2_match_programid2,195926,984.0509291274823,976.0509197936677,22,1899.9896422984693,1891.9896368396587,22,inf,915.9387131709871
ztf_000436_zr_c02_q2_match_programid2,195928,337.04931635178116,329.0493181342828,34,70.70552120134904,62.705521194084696,34,3.293734489421575e-43,-266.34379515043213
ztf_000436_zr_c02_q2_match_programid2,8984,904.8827694024792,896.8827570415398,101,166.0018180999552,158.00181651660938,101,3.989117477971446e-125,-738.880951302524
ztf_000436_zr_c02_q2_match_programid2,9025,1138.1734385206412,1130.1734438276767,103,244.4401946648276,236.440194582758,103,1.018136012398121e-141,-893.7332438558136
ztf_000436_zr_c02_q2_match_programid2,9093,70.58222490914034,62.582225286656126,39,122.22110131106905,114.22110253088987,39,5.665189901003025e+37,51.63887640192871
ztf_000436_zr_c02_q2_match_programid2,11624,2509.2015912087877,2501.2016261093686,50,37.54146374597359,29.541463638790148,50,0.0,-2471.660127462814
ztf_000436_zr_c02_q2_match_programid2,13019,26.158505686089,18.158505547256755,35,24.237516963304294,16.237516894916425,35,70141.09395164385,-1.9209887227847062
ztf_000436_zr_c02_q2_match_programid2,13103,76.72878372881934,68.72878365413682,53,69.20460194764061,61.204601936647954,53,24758997722759.832,-7.524181781178726
ztf_000436_zr_c02_q2_match_programid2,15359,282.485207218745,274.48520454694835,28,53.05303246906203,45.05303243218195,28,5.009056061451583e-39,-229.43217474968299
ztf_000436_zr_c02_q2_match_programid2,113317,44.62351123116355,36.62351131872168,100,41.24207163470339,33.24207182823754,100,166468393.26452184,-3.3814395964601545
ztf_000436_zr_c02_q3_match_programid2,18873,50.79349863196049,42.793498811978054,63,26.302011009413565,18.302011066399515,63,2.472578896059953,-24.491487622546924
ztf_000436_zr_c02_q3_match_programid2,38431,44.75649397052574,36.75649425931102,24,31.92704618636045,23.92704642951068,24,14027.839939153773,-12.82944778416529
ztf_000436_zr_c02_q3_match_programid2,39466,91.20099688360564,83.20099584545528,59,34.12253493141972,26.122534732873387,59,1.0355803089697218e-05,-57.07846195218592
ztf_000436_zr_c02_q3_match_programid2,53369,106.61289272853449,98.61289319674343,113,65.55352992798517,57.55352978946537,113,208372.6961488944,-41.05936280054932
ztf_000436_zr_c02_q3_match_programid2,63895,12.657418408425876,4.6574184329924355,24,12.071513290459857,4.071513276853128,24,311.9378864961331,-0.5859051179660195
ztf_000436_zr_c02_q3_match_programid2,64798,39.97547345611024,31.975473244926793,30,38.079843814372765,30.079843517895828,30,71994989.64662577,-1.8956296417374716
ztf_000436_zr_c02_q3_match_programid2,75564,74.61724383568931,66.61724389589884,105,63.61067703056816,55.61067709273561,105,264750871371.93906,-11.006566805121146
ztf_000436_zr_c02_q3_match_programid2,76000,26.654803024497173,18.65480288382461,32,16.085910358713413,8.085910323999782,32,15.7763005136475,-10.56889266578376
ztf_000436_zr_c02_q3_match_programid2,86820,62.186866591393155,54.186866445438966,24,45.13504078222227,37.13504054526552,24,1253697.178453004,-17.051825809170886
ztf_000436_zr_c02_q3_match_programid2,86931,29.20487676202693,21.2048767430636,24,19.760690078148535,11.760690059865427,24,173.8602294056659,-9.444186683878396
ztf_000436_zr_c02_q3_match_programid2,106759,21.637951111951246,13.637951184633888,53,22.052283408680406,14.05228341315675,53,75607.27991509705,0.4143322967291603
ztf_000436_zr_c02_q3_match_programid2,109483,19.054724004690556,11.054724077282497,24,18.21348410666553,10.213484172630157,24,5920.179831269126,-0.8412398980250266
ztf_000436_zr_c02_q3_match_programid2,109492,27.361574318416434,19.361574292629868,24,17.444662214840765,9.444662207122208,24,43.11517639366727,-9.916912103575669
ztf_000436_zr_c02_q3_match_programid2,113351,28.707237881084342,20.7072382935398,17,14.064015669020662,6.064015737152407,17,0.7485604839389346,-14.64322221206368
ztf_000436_zr_c02_q3_match_programid2,121337,24.289310059820068,16.289310282127907,50,23.159705681408777,15.159705842748137,50,60782.102114350004,-1.1296043784112904
ztf_000436_zr_c02_q3_match_programid2,122492,60.71046397985343,52.71046329333026,49,51.734748858734264,43.734748256523304,49,1927552439.132972,-8.975715121119165
ztf_000436_zr_c02_q3_match_programid2,125154,35.75714415003436,27.757144374639907,21,28.6820810704034,20.682081200519093,21,49193.117052464215,-7.075063079630958
ztf_000436_zr_c02_q3_match_programid2,126346,80.36529578426527,72.36529553457567,67,57.49307254935562,49.49307244724309,67,32947457.6204092,-22.872223234909654
ztf_000436_zr_c02_q3_match_programid2,126360,63.04239790173427,55.04239768710557,56,49.789150994257795,41.789150975788516,56,85836256.35063884,-13.253246907476473
ztf_000436_zr_c02_q3_match_programid2,126389,72.6773099562448,64.67731036231419,58,46.61785473949978,38.617854941839006,58,29120.560829424623,-26.059455216745015
ztf_000436_zr_c02_q3_match_programid2,130382,69.60345693619291,61.6034570439207,84,58.42450701531902,50.424507525855155,84,18165291452.551422,-11.17894992087389
ztf_000436_zr_c02_q3_match_programid2,136537,60.226197500756456,52.22619824465402,34,26.73331501531139,18.733315201560064,34,0.03405481880138788,-33.492882485445065
ztf_000436_zr_c02_q3_match_programid2,140295,14.31315493227526,6.313154844379138,11,14.051951394213855,6.051951334562113,11,987.6949826568926,-0.2612035380614053
ztf_000436_zr_c02_q3_match_programid2,142238,69.54862230575586,61.54862244392055,99,64.78539653706325,56.78539691095447,99,10805597298517.738,-4.763225768692607
ztf_000436_zr_c02_q3_match_programid2,147151,57.79508278945482,49.79508340024018,24,13.743932327428393,5.743932411466766,24,2.623440393483896e-07,-44.05115046202643
ztf_000436_zr_c02_q3_match_programid2,165435,22.902203616936838,14.902203421237878,10,21.995983923816716,13.995983731832668,10,37982.549720278796,-0.9062196931201214
ztf_000436_zr_c02_q3_match_programid2,170553,70.29780637139498,62.297806246248435,53,67.1847941434998,59.18479404274681,53,81848488903883.0,-3.113012227895183
ztf_000436_zr_c02_q3_match_programid2,172089,35.27808845042832,27.27808798577573,37,30.96348144556879,22.9634810642703,37,611969.1919978827,-4.314607004859532
ztf_000436_zr_c02_q3_match_programid2,172624,30.478997120823557,22.478997173089596,44,32.686399115526044,24.686399056336867,44,37765273.774000995,2.2074019947024865
ztf_000436_zr_c02_q3_match_programid2,174323,110.74844906580711,102.74844985012507,43,79.77352071706,71.77352060598949,43,39489323617.5766,-30.974928348747113
ztf_000436_zr_c02_q3_match_programid2,182448,31.181094968804487,23.181094918294317,55,20.463298645245093,12.463298680183488,55,130.679944344704,-10.717796323559394
ztf_000436_zr_c02_q3_match_programid2,187249,10.342691781515283,2.342691784009215,12,10.869128756655043,2.8691287566954564,12,298.2055058864377,0.5264369751397595
ztf_000436_zr_c02_q3_match_programid2,11410,19.44916816757952,11.449168212304826,14,10.936182539363609,2.936182556111245,14,3.35884933524493,-8.51298562821591
ztf_000436_zr_c02_q4_match_programid2,5352,26.694225275655462,18.69422526187779,24,23.414859624133037,15.414859500207179,24,23570.40046654381,-3.2793656515224257
ztf_000436_zr_c02_q4_match_programid2,5399,29.857472113298314,21.857472225514893,34,32.46811126762938,24.4681114093041,34,41424175.224171005,2.610639154331068
ztf_000436_zr_c02_q4_match_programid2,5511,116.09237743420779,108.09237768684886,42,69.63526369351794,61.635263683471436,42,107912.39034695606,-46.45711374068985
ztf_000436_zr_c02_q4_match_programid2,5570,65.06209897643679,57.06209996863571,30,42.28760299815597,34.28760347250357,30,17267.018398432476,-22.774495978280818
ztf_000436_zr_c02_q4_match_programid2,15717,31.15754046970454,23.157540661274286,23,26.62990288127719,18.629902940791375,23,63015.28824093117,-4.52763758842735
ztf_000436_zr_c02_q4_match_programid2,15929,121.8035020159602,113.80350236682743,13,41.28290387586805,33.282903748933784,13,3.0174699182241594e-09,-80.52059814009215
ztf_000436_zr_c02_q4_match_programid2,18635,125.98802028744183,117.98802079090927,21,86.46626456835301,78.46626489159692,21,15626818731.828758,-39.521755719088816
ztf_000436_zr_c02_q4_match_programid2,21878,152.09050221829216,144.09050358676308,63,90.63425345218408,82.6342538126928,63,2167320.8752339855,-61.456248766108075
ztf_000436_zr_c02_q4_match_programid2,21911,60.222148457572054,52.22214866828738,38,46.357507215009086,38.357506959690724,38,11369364.66779458,-13.864641242562968
ztf_000436_zr_c02_q4_match_programid2,24964,117.41164542482733,109.41164589659014,114,61.48842912514897,53.488429349884484,114,16.161088568482846,-55.92321629967836
ztf_000436_zr_c02_q4_match_programid2,24988,34.235549173839104,26.235549111922587,74,34.49966780802751,26.499667773966973,74,35388349.759824246,0.26411863418840653
ztf_000436_zr_c02_q4_match_programid2,31020,90.06497044541848,82.06496928402825,28,59.965202644121995,51.96520196062551,28,3056305.591270801,-30.099767801296487
ztf_000436_zr_c02_q4_match_programid2,34554,49.276993209415636,41.27699335938365,59,63.068360795569646,55.068360652739685,59,4.896412053668176e+16,13.79136758615401
ztf_000436_zr_c02_q4_match_programid2,43432,46.073526934237286,38.07352671845544,31,49.61527117091285,41.615271068887225,31,349059315721.2849,3.5417442366755623
ztf_000436_zr_c02_q4_match_programid2,43438,47.30579236982519,39.305791804503095,31,52.31878239086841,44.318782176141504,31,2814726475335.8647,5.0129900210432154
ztf_000436_zr_c02_q4_match_programid2,49154,43.30994577479383,35.309946086877474,21,32.611085887190185,24.61108600369277,21,57303.27175668514,-10.698859887603646
ztf_000436_zr_c02_q4_match_programid2,49669,76.99736349702809,68.99736354112353,24,71.35127695830339,63.351276967154284,24,185225517067065.88,-5.646086538724703
ztf_000436_zr_c02_q4_match_programid2,55131,109.5667296928862,101.56672981321297,34,103.97571938899519,95.97571960650293,34,2.3118951274390867e+21,-5.591010303891011
ztf_000436_zr_c02_q4_match_programid2,60463,131.44053505378287,123.44053565054618,107,97.60765108176383,89.60765124671263,107,70552875722114.55,-33.83288397201903
ztf_000436_zr_c02_q4_match_programid2,65278,179.06197817857995,171.0619778648923,22,37.62209105103841,29.622090896747594,22,2.859249279275512e-23,-141.43988712754154
ztf_000436_zr_c02_q4_match_programid2,71172,35.2022861201701,27.202285992862294,59,27.57387230703838,19.57387224980899,59,21433.904011912324,-7.628413813131722
ztf_000436_zr_c02_q4_match_programid2,77015,158.23429442849883,150.23429393501283,87,81.4709692614669,73.47096828489839,87,10.525722751820762,-76.76332516703192
ztf_000436_zr_c02_q4_match_programid2,77194,318.5933219671285,310.59331839368144,50,43.434246242078025,35.434245968336896,50,4.803885171323743e-51,-275.15907572505046
ztf_000436_zr_c02_q4_match_programid2,78555,83.32968526146401,75.32968369261661,25,31.154725634825763,23.15472546169559,25,2.7259267691462253e-05,-52.17495962663824
ztf_000436_zr_c02_q4_match_programid2,85088,211.54701517453992,203.5470149267161,52,161.92339410160332,153.923393802641,52,2.429885853731875e+24,-49.6236210729366
ztf_000436_zr_c02_q4_match_programid2,85516,21.169603375859513,13.169603421516559,24,19.601962069971055,11.601962060655021,24,8243.335890365828,-1.5676413058884577
ztf_000436_zr_c02_q4_match_programid2,86806,510.31638233815517,502.31638122744425,209,428.9683075312888,420.96830594847916,209,3.0533348527941354e+75,-81.34807480686635
ztf_000436_zr_c02_q4_match_programid2,86806,510.31638233815517,502.31638122744425,209,428.9683075312888,420.96830594847916,209,3.0533348527941354e+75,-81.34807480686635
ztf_000436_zr_c02_q4_match_programid2,86901,80.58683251353058,72.58683288942602,53,73.74282190740202,65.74282182280552,53,336428126439159.2,-6.844010606128563
ztf_000436_zr_c02_q4_match_programid2,86965,130.3424939723687,122.34249449820587,26,56.442452062809835,48.44245196379471,26,0.00016185738930377957,-73.90004190955885
ztf_000436_zr_c02_q4_match_programid2,91805,51.226196606341475,43.22619638601918,44,58.56908838097087,50.56908817555984,44,205401985072653.62,7.342891774629393
ztf_000436_zr_c02_q4_match_programid2,95150,124.16081815797882,116.16081889677754,26,87.35009775265398,79.35009759962422,26,94294497480.07127,-36.810720405324844
ztf_000436_zr_c02_q4_match_programid2,99589,84.39900719561811,76.39900786329417,36,48.5068544725986,40.50685447220963,36,548.5897392384784,-35.892152723019514
ztf_000436_zr_c02_q4_match_programid2,103343,1341.4505055765385,1333.4505017427805,52,1887.9761171436521,1879.9761130632974,52,inf,546.5256115671136
ztf_000436_zr_c02_q4_match_programid2,116859,335.44495352386247,327.44495584607483,104,144.04439473971652,136.04439525078016,104,5.208823428085387e-11,-191.40055878414594
ztf_000436_zr_c02_q4_match_programid2,118499,37.13640219646629,29.136401861346773,30,30.306306578197777,22.30630622498416,30,125254.81733508353,-6.8300956182685155
ztf_000436_zr_c02_q4_match_programid2,120979,17.171267508482902,9.17126727562383,24,13.563693435455718,5.563693409900145,24,145.19238864468244,-3.607574073027184
ztf_000436_zr_c02_q4_match_programid2,124884,151.49624745223934,143.49625001171165,34,157.49320663858757,149.4932092529554,34,3.172768839744407e+35,5.996959186348221
ztf_000436_zr_c02_q4_match_programid2,126206,136.75660232422916,128.75660374196278,39,103.04843790981485,95.04843859052419,39,1140378645905677.0,-33.70816441441431
ztf_000436_zr_c02_q4_match_programid2,127135,48.75884093431627,40.758841273184956,28,29.882529334211398,21.882529205590767,28,245.45383065739333,-18.87631160010487
ztf_000436_zr_c02_q4_match_programid2,130978,44.728223404712836,36.72822315028004,30,24.549498892077676,16.54949865026312,30,8.894091587617273,-20.17872451263516
ztf_000436_zr_c02_q4_match_programid2,130996,59.121703746595024,51.121704055742406,22,45.71901461476782,37.71901486378149,22,10408806.05062582,-13.402689131827202
ztf_000436_zr_c02_q4_match_programid2,131244,130.27311775233835,122.27311602262456,23,44.82035857256195,36.82035878006932,23,1.5024025598924497e-09,-85.4527591797764
ztf_000436_zr_c02_q4_match_programid2,131939,53.25309977352008,45.25309998964412,81,74.52577482803643,66.52577490826113,81,6.344086260353692e+20,21.272675054516355
ztf_000436_zr_c02_q4_match_programid2,134079,10.371851999685433,2.371852023430972,11,11.549483817059196,3.5494838076160162,11,580.3073153194662,1.1776318173737632
ztf_000436_zr_c02_q4_match_programid2,137013,26.345728372465793,18.345728248281024,18,14.22371466766213,6.223714630114594,18,2.8600825310595464,-12.122013704803663
ztf_000436_zr_c02_q4_match_programid2,137209,78.90639414282114,70.90639439000692,32,72.72715360680331,64.7271541485469,32,282290143443076.7,-6.179240536017829
ztf_000436_zr_c02_q4_match_programid2,137469,48.672786012614125,40.672786044314215,57,57.50395570730647,49.503955581969166,57,253798738563981.22,8.831169694692342
ztf_000436_zr_c02_q4_match_programid2,138028,64.7724379819885,56.77243800114516,59,59.759915851647406,51.75991588804436,59,773117485694.4607,-5.012522130341097
ztf_000436_zr_c02_q4_match_programid2,143377,38.40363897964239,30.403639199799752,59,33.44467568870735,25.444675862825562,59,1533182.5007646931,-4.9589632909350385
ztf_000436_zr_c02_q4_match_programid2,145205,10.885361392234596,2.8853614270864583,10,10.713443253266828,2.7134432961736357,10,194.56427226770913,-0.17191813896776864
ztf_000436_zr_c02_q4_match_programid2,155480,140.91287443691579,132.9128739135047,59,123.74270363358113,115.74270341961481,59,1.3865370064374208e+23,-17.170170803334656
ztf_000436_zr_c02_q4_match_programid2,155480,140.91287443691579,132.9128739135047,59,123.74270363358113,115.74270341961481,59,1.3865370064374208e+23,-17.170170803334656
ztf_000436_zr_c02_q4_match_programid2,156275,104.65967035242136,96.65967009786591,47,83.16746680000898,75.16746602684746,47,24695239885361.71,-21.492203552412377
ztf_000436_zr_c02_q4_match_programid2,159163,292.24453834014884,284.24454051487487,21,532.7054780852708,524.7054782722174,21,7.779549138727681e+167,240.46093974512195
ztf_000436_zr_c02_q4_match_programid2,167159,35.867316973046194,27.867317121892185,52,25.587167843296623,17.587167792521402,52,2108.0304547326623,-10.28014912974957
ztf_000436_zr_c02_q4_match_programid2,169091,194.9850816999524,186.9850813580981,92,119.05327392994339,111.05327405817224,92,2310507605.468264,-75.931807770009
ztf_000436_zr_c02_q4_match_programid2,175624,18.032781358351343,10.03278141302205,10,18.650216686767106,10.650216796748653,10,15272.758154280373,0.6174353284157625
ztf_000436_zr_c02_q4_match_programid2,175768,88.81225464620046,80.8122555781005,59,56.73530898851398,48.735309413808174,59,226201.54331122251,-32.07694565768648
ztf_000436_zr_c02_q4_match_programid2,179394,264.79298940677506,256.792988461476,52,212.30761360625203,204.3076134513509,52,5.069416595530479e+34,-52.48537580052303
ztf_000436_zr_c02_q4_match_programid2,188170,45.12258395985292,37.122583618117396,21,28.69898061721848,20.69898065644763,21,462.98221336593497,-16.423603342634436
ztf_000436_zr_c02_q4_match_programid2,188686,86.25302295648763,78.25302145456374,48,43.552119383699974,35.55211887179802,48,1.5305205487118014,-42.70090357278765
ztf_000436_zr_c02_q4_match_programid2,190023,561.4911519125512,553.4911517612884,190,420.6789972111841,412.6789961276421,190,5.919877021386644e+60,-140.81215470136715
ztf_000436_zr_c02_q4_match_programid2,190023,561.4911519125512,553.4911517612884,190,420.6789972111841,412.6789961276421,190,5.919877021386644e+60,-140.81215470136715
ztf_000436_zr_c02_q4_match_programid2,195251,50.22526340443878,42.22526414183647,24,30.760853664704356,22.760854065340638,24,283.78643404825544,-19.46440973973442
ztf_000436_zr_c02_q4_match_programid2,464,138.9960154172043,130.99601600171783,59,210.7582628548525,202.75826432613312,59,2.2312555939019504e+61,71.7622474376482
ztf_000436_zr_c02_q4_match_programid2,505,44.08730128268985,36.087300877054076,57,36.84748762589636,28.847487400257464,57,2686734.260656319,-7.239813656793487
ztf_000436_zr_c02_q4_match_programid2,560,44.55196112052361,36.5519610594449,59,34.22440478003003,26.224404537511806,59,154573.3808881352,-10.32755634049358
ztf_000436_zr_c02_q4_match_programid2,568,94.13885634510983,86.13885585074439,100,76.8939421824663,68.89394187073503,100,8966477436517.074,-17.244914162643525
ztf_000436_zr_c02_q4_match_programid2,601,81.42288281460698,73.42288317498885,74,68.1118633737115,60.11186373178719,74,794057700658.7611,-13.311019440895478
ztf_000436_zr_c02_q4_match_programid2,612,56.000580268560014,48.00058064558957,59,50.15867674010352,42.158676924023155,59,4200152225.8272734,-5.841903528456491
ztf_000436_zr_c02_q4_match_programid2,1898,127.96583092692073,119.96582829390826,26,113.46486488613176,105.46486197350164,26,3.0884287603768615e+21,-14.500966040788967
ztf_000436_zr_c02_q4_match_programid2,1906,3717.677754491543,3709.677734662801,35,2764.387563092304,2756.387531946601,35,inf,-953.2901913992391
ztf_000436_zr_c02_q4_match_programid2,1980,161.8145573218988,153.81455954984636,52,143.33724352502043,135.33724481389368,52,1.2971471502698237e+27,-18.477313796878377
ztf_000436_zr_c02_q4_match_programid2,3000,140.52362390201057,132.52362320174515,57,123.49741866650277,115.49741794365099,57,1.3180449980184493e+23,-17.026205235507803
ztf_000436_zr_c02_q4_match_programid2,4731,135.5585432546804,127.55854237548067,31,189.2009716722958,181.20097280005126,31,5.404733854483553e+52,53.642428417615406
ztf_000436_zr_c02_q4_match_programid2,5181,42.042776983082014,34.04277671635531,30,36.95329874186335,28.953298734247124,30,8301196.759981677,-5.089478241218664
ztf_000436_zr_c02_q4_match_programid2,5213,242.21937374295544,234.2193740451468,26,189.6383398118945,181.6383403751883,26,5.775848913361871e+29,-52.581033931060944
ztf_000436_zr_c02_q4_match_programid2,7716,90.44371269402012,82.44371384476815,57,73.62542812397221,65.62542874912155,57,2165282116968.3247,-16.818284570047908
ztf_000436_zr_c02_q4_match_programid2,9291,1219.3983000915198,1211.3982902496284,56,743.0142839392794,735.0142770820283,56,7.907277934116759e+57,-476.3840161522404
ztf_000436_zr_c02_q4_match_programid2,9828,124.67498702232712,116.67498789552775,36,40.22532549405983,32.225325557024036,36,2.493488945921814e-10,-84.44966152826728
ztf_000436_zr_c02_q4_match_programid2,9883,79.17371069116395,71.17371056671364,31,34.937476707968585,26.93747673484485,31,0.009567544996546525,-44.23623398319536
ztf_000436_zr_c02_q4_match_programid2,9924,254.4881919789872,246.48819030758193,35,82.38367029083996,74.38366993137643,35,3.291278730759494e-20,-172.10452168814726
ztf_000436_zr_c02_q4_match_programid2,10908,87.85621603859586,79.85621665053003,71,68.29074224872234,60.29074249935197,71,38067785231.148254,-19.565473789873522
ztf_000436_zr_c02_q4_match_programid2,10922,673.4948894880346,665.4948820943683,58,272.63462317559504,264.6346211469799,58,1.4327003717768748e-28,-400.86026631243953
ztf_000436_zr_c02_q4_match_programid2,10988,40.049812106349584,32.04981249287108,30,35.15144058399411,27.151440592455856,30,3709970.677150324,-4.898371522355475
ztf_000436_zr_c02_q4_match_programid2,11984,960.5082708387228,952.5082706120949,73,964.1738512960228,956.1738507897228,73,1.4576803165386693e+210,3.6655804573000523
ztf_000436_zr_c02_q4_match_programid2,12641,124.76790386420164,116.76790273670275,41,60.59048678281153,52.590486062456556,41,0.1663826289640475,-64.1774170813901
ztf_000436_zr_c02_q4_match_programid2,12673,74.86778078796549,66.86778043220848,35,43.221347655747415,35.221347754485954,35,326.18257211424117,-31.64643313221807
ztf_000436_zr_c02_q4_match_programid2,12723,232.42111202489113,224.42111268678195,48,137.9486870943919,129.94868777440917,48,2758991584.41381,-94.47242493049924
ztf_000436_zr_c02_q4_match_programid2,15027,197.8174261281378,189.81742609365617,51,56.210457492609734,48.21045734044494,51,2.8601131741435454e-19,-141.60696863552806
ztf_000436_zr_c02_q4_match_programid2,16653,613.8644500577248,605.8644524078514,112,437.7886191042976,429.7886211936224,112,6.764097650762335e+56,-176.07583095342716
ztf_000436_zr_c02_q4_match_programid2,17019,311.68988034572214,303.68987788508025,114,205.0264187546411,197.02641730770128,114,2.2868872853855936e+21,-106.66346159108105
ztf_000436_zr_c02_q4_match_programid2,17676,116.71952478941868,108.71952481235326,39,84.22838493143523,76.22838505229961,39,171632695098.0326,-32.491139857983455
ztf_000436_zr_c02_q4_match_programid2,17713,104.59261740785439,96.59261809214546,45,33.66228954004538,25.66228949652024,45,8.078826873465985e-09,-70.93032786780901
ztf_000436_zr_c02_q4_match_programid2,17729,265.13876779770334,257.13876934709015,29,105.50076777231473,97.50076894696255,29,1.7548879160707858e-12,-159.6380000253886
ztf_000436_zr_c02_q4_match_programid2,19947,102.18055507125905,94.18055522860713,27,23.696206871440616,15.69620673318614,27,1.267378319828565e-12,-78.48434819981844
ztf_000436_zr_c02_q4_match_programid2,23078,43.34021894069355,35.3402185756608,38,34.15234031109255,26.152340012722732,38,263611.2715490404,-9.187878629601002
ztf_000436_zr_c02_q4_match_programid2,60913,281.6051950013344,273.60519215976694,54,238.12385346765643,230.12385146379924,54,1.845374173949821e+42,-43.48134153367795
ztf_000436_zr_c02_q4_match_programid2,64192,457.6816222233673,449.6816200087381,104,366.6186237744262,358.61862339584553,104,6.857151869089145e+59,-91.06299844894107
ztf_000436_zr_c02_q4_match_programid2,105344,960.5082708387228,952.5082706120949,73,964.1738512960228,956.1738507897228,73,1.4576803165386693e+210,3.6655804573000523
ztf_000436_zr_c02_q4_match_programid2,114679,2118.0330061144005,2110.0330062348,67,1750.7429985465449,1742.7429917551622,67,2.5882127798527037e+300,-367.2900075678556
ztf_000436_zr_c03_q1_match_programid2,11527,55.70939521971271,47.709395272241494,83,41.21403617352508,33.21403645466967,83,633704.8341083431,-14.49535904618763
ztf_000436_zr_c03_q1_match_programid2,25973,11.57009241347069,3.5700923992884217,58,12.058192953403331,4.058192946116128,58,530.1429815476272,0.4881005399326419
ztf_000436_zr_c03_q1_match_programid2,35216,13.207642798853158,5.207642904929368,24,11.453035035735061,3.453035073997337,24,127.63997892643854,-1.7546077631180967
ztf_000436_zr_c03_q1_match_programid2,44833,142.23077228420325,134.23077346524397,58,39.90800469838986,31.908004537940602,58,2.7977341521588782e-14,-102.3227675858134
ztf_000436_zr_c03_q1_match_programid2,90564,31.375605498452366,23.37560564567223,47,27.93572048720353,19.935720611322534,47,208546.58780627736,-3.439885011248837
ztf_000436_zr_c03_q1_match_programid2,90633,60.49713256579871,52.497132719076085,54,33.41891948321107,25.418919509654412,54,23.815894652496702,-27.078213082587638
ztf_000436_zr_c03_q1_match_programid2,99229,17.081872984777206,9.08187306099103,14,17.391127945578134,9.391128065970488,14,6975.724366948088,0.30925496080092785
ztf_000436_zr_c03_q1_match_programid2,117899,61.724557899599255,53.72455829947091,55,57.887604169014594,49.88760453830009,55,545694547434.51556,-3.8369537305846606
ztf_000436_zr_c03_q1_match_programid2,127795,224.40570126226083,216.4056999000286,32,166.2180477447542,158.21804660279162,32,2.8741011295157872e+23,-58.18765351750665
ztf_000436_zr_c03_q1_match_programid2,137314,26.43277035468003,18.432770319309913,14,48.18933698896942,40.18933659199863,14,1543689633337624.8,21.756566634289392
ztf_000436_zr_c03_q1_match_programid2,138531,55.13523389909149,47.135234239497905,44,65.2977111216077,57.29771172431019,44,2.4320455275957856e+16,10.162477222516216
ztf_000436_zr_c03_q1_match_programid2,162966,11.769022209476507,3.7690222355416285,15,12.884159332512425,4.884159281505514,15,1096.2474611841674,1.1151371230359182
ztf_000436_zr_c03_q1_match_programid2,162985,32.679124092656366,24.679124016608867,18,40.76515865196177,32.76515846377412,18,40541687620.59666,8.086034559305403
ztf_000436_zr_c03_q1_match_programid2,165161,36.19908057955755,28.19908054346568,35,27.57521742307985,19.575217429455115,35,13038.699948388456,-8.623863156477704
ztf_000436_zr_c03_q1_match_programid2,177496,17.521429912981947,9.521430137679738,8,12.907605715869959,4.907605792169459,8,63.237075030309825,-4.613824197111988
ztf_000436_zr_c03_q1_match_programid2,178852,47.6588700167748,39.65887061114315,33,45.854520576914254,37.85452121320132,33,3675979881.626876,-1.8043494398605446
ztf_000436_zr_c03_q1_match_programid2,181153,41.1135652909976,33.11356538472648,57,36.033957060513245,28.033957041313244,57,5268068.869905187,-5.079608230484354
ztf_000436_zr_c03_q1_match_programid2,181165,65.89297142812156,57.89297158686562,44,62.74440565882941,54.744405519915624,44,8731165174720.014,-3.148565769292148
ztf_000436_zr_c03_q1_match_programid2,185401,82.43018013488279,74.43017861546285,17,97.00563688992045,89.00563565772637,17,1.6963936079830568e+24,14.575456755037663
ztf_000436_zr_c03_q1_match_programid2,190475,68.45844765000778,60.45844744906996,73,67.72191623572878,59.72191603786073,73,351310797555712.3,-0.7365314142789998
ztf_000436_zr_c03_q1_match_programid2,12552,36.92415329039572,28.924153275711404,20,31.9243460478865,23.924346223151318,20,702407.7836083696,-4.99980724250922
ztf_000436_zr_c03_q1_match_programid2,31188,28.336671785363606,20.336671791273105,28,21.508862110689986,13.508862169987609,28,1541.523077479011,-6.82780967467362
ztf_000436_zr_c03_q1_match_programid2,42204,30.393774775225292,22.393774882373098,54,28.815322318645045,20.8153224101141,54,821128.5315328885,-1.5784524565802478
ztf_000436_zr_c03_q2_match_programid2,4059,32.27040698017001,24.27040703421137,7,13.479617206510225,5.479617201512671,7,0.07025763569028692,-18.79078977365978
ztf_000436_zr_c03_q2_match_programid2,8900,234.95178875283415,226.95178661676155,74,81.59018553410029,73.59018516618002,74,2.600367147377415e-16,-153.36160321873388
ztf_000436_zr_c03_q2_match_programid2,9430,17.29855483674467,9.298554726592377,15,9.679625998139027,1.6796259735090464,15,2.8020423997697503,-7.618928838605644
ztf_000436_zr_c03_q2_match_programid2,53431,295.5081655231146,287.5081640163415,32,228.03709623603953,220.03709582655895,32,7.353087644389609e+34,-67.47106928707507
ztf_000436_zr_c03_q2_match_programid2,56303,186.5385255697542,178.5385239876667,60,40.207954628342904,32.207954494264946,60,9.031640971367091e-24,-146.33057094141128
ztf_000436_zr_c03_q2_match_programid2,65474,117.96417053400779,109.96416926667446,28,70.28515254671876,62.285151806273554,28,81069.92069194235,-47.67901798728903
ztf_000436_zr_c03_q2_match_programid2,100283,129.62217586337206,121.62217605192974,101,44.07565416867303,36.075654206092324,101,9.879058037963012e-10,-85.54652169469904
ztf_000436_zr_c03_q2_match_programid2,104122,277.8357385053025,269.8357411819083,62,234.16079162757302,226.1607949831257,62,2.3092748607695213e+41,-43.6749468777295
ztf_000436_zr_c03_q2_match_programid2,105200,32.97289280196244,24.97289268046724,55,28.793007996730562,20.79300794847998,55,221142.28475353614,-4.179884805231875
ztf_000436_zr_c03_q2_match_programid2,107831,36.045643970346475,28.045643779259393,56,38.027585186798845,30.0275849299599,56,487481647.5418804,1.9819412164523698
ztf_000436_zr_c03_q2_match_programid2,114055,40.7712392427279,32.77123931415741,54,32.220201821235534,24.220201866496147,54,137941.11909607594,-8.551037421492367
ztf_000436_zr_c03_q2_match_programid2,117363,75.03092627207056,67.03092652930778,54,73.91081362618908,65.91081398851101,54,6401767315186887.0,-1.120112645881477
ztf_000436_zr_c03_q2_match_programid2,119823,80.86796131504558,72.86796083259591,26,58.89547539405711,50.89547536116469,26,104165833.13476194,-21.97248592098847
ztf_000436_zr_c03_q2_match_programid2,135862,11.342453023348472,3.3424529991010807,9,27.97954273916755,19.97954298211521,9,4879537254.868665,16.637089715819076
ztf_000436_zr_c03_q2_match_programid2,135893,32.21825190432004,24.218251769125867,18,33.270369952101504,25.27036984995092,18,28381384.133313954,1.0521180477814625
ztf_000436_zr_c03_q2_match_programid2,135928,11.905421136465602,3.905421168025879,8,12.062640402129794,4.062640420568667,8,450.3071177634908,0.15721926566419242
ztf_000436_zr_c03_q2_match_programid2,135988,146.9414536350061,138.94145404505628,16,312.06763068225064,304.0676307527353,16,4.18137143139499e+103,165.12617704724454
ztf_000436_zr_c03_q2_match_programid2,137583,205.55513930091277,197.55514207449772,104,93.72849755125581,85.72849855856427,104,0.00011750001470859081,-111.82664174965696
ztf_000436_zr_c03_q2_match_programid2,137675,35.29115068035075,27.29115055084379,46,31.112064173558462,23.11206418757271,46,705377.8060660823,-4.1790865067922915
ztf_000436_zr_c03_q2_match_programid2,137763,210.10530271357155,202.1053025701918,53,98.53004078548456,90.53004104489975,53,0.0014698270013092847,-111.57526192808699
ztf_000436_zr_c03_q2_match_programid2,137855,45.604023745922646,37.604024043724976,37,19.68370256589774,11.68370265338255,37,0.044231887778379754,-25.920321180024906
ztf_000436_zr_c03_q2_match_programid2,145556,35.508244500174754,27.508244451103185,15,13.535212099325143,5.535212027099703,15,0.014714672543898211,-21.97303240084961
ztf_000436_zr_c03_q2_match_programid2,148667,71.06775301859713,63.0677531008969,54,76.28477772592967,68.28477741504385,54,4.987599020395735e+17,5.217024707332541
ztf_000436_zr_c03_q2_match_programid2,156484,99.52261638575456,91.52261638973371,57,86.36298633183765,78.36298644057811,57,7868769870500737.0,-13.159630053916914
ztf_000436_zr_c03_q2_match_programid2,158950,32.761394428881786,24.76139445904393,41,30.88464852786924,22.884648397745167,41,1990609.265536492,-1.8767459010125478
ztf_000436_zr_c03_q2_match_programid2,163680,36.13878721812715,28.13878692113632,51,40.4958402134516,32.49583988922094,51,5491386465.483929,4.357052995324452
ztf_000436_zr_c03_q2_match_programid2,165693,88.16425432393739,80.1642535938314,54,81.93921486402822,73.93921414090565,54,2.7613680139360316e+16,-6.225039459909169
ztf_000436_zr_c03_q2_match_programid2,167278,43.015940398010656,35.01594019355175,57,38.13035815396027,30.130358089160413,57,16558132.932695443,-4.885582244050383
ztf_000436_zr_c03_q2_match_programid2,172580,24.065420409601586,16.06542038722108,28,17.12339083817378,9.123390757718125,28,162.5004276360818,-6.942029571427806
ztf_000436_zr_c03_q2_match_programid2,175566,25.871032048327585,17.87103209136158,30,16.42217448731084,8.422174574475738,30,32.67657509179348,-9.448857561016744
ztf_000436_zr_c03_q2_match_programid2,185201,24.654042458151615,16.65404206518345,19,24.363979204495138,16.36397879072285,19,168882.41380171708,-0.2900632536564771
ztf_000436_zr_c03_q2_match_programid2,189868,113.92864278686027,105.92864335559288,57,72.5888011066187,64.58880060901741,57,6104151.754908425,-41.33984168024156
ztf_000436_zr_c03_q2_match_programid2,193895,28.828651552997194,20.82865200600328,28,20.179934817310098,12.179934983402731,28,319.13335009460013,-8.648716735687096
ztf_000436_zr_c03_q2_match_programid2,1773,35.0553440123486,27.05534380270773,41,39.87218977982961,31.872189771629362,41,5059420427.446869,4.816845767481013
ztf_000436_zr_c03_q3_match_programid2,66105,65.64913249794907,57.64913244122009,78,48.205114564214675,40.20511455295422,78,4782855.5200813655,-17.444017933734393
ztf_000436_zr_c03_q3_match_programid2,113224,42.22063876846746,34.22063861254271,48,45.350910750009234,37.350910407779025,48,33694193702.81682,3.1302719815417746
ztf_000436_zr_c03_q3_match_programid2,169658,46.676421391240055,38.676420996481646,44,53.96764367686152,45.96764331331785,44,20053663701475.465,7.2912222856214655
ztf_000436_zr_c03_q3_match_programid2,179017,29.568327206073487,21.56832714882359,59,28.071724967401693,20.071724924938085,59,589813.3231436426,-1.4966022386717945
ztf_000436_zr_c03_q3_match_programid2,3985,86.95693787989751,78.95693692696588,46,58.021324225454194,50.021323601627415,46,2069578.0119651132,-28.935613654443316
ztf_000436_zr_c03_q4_match_programid2,19066,882.0712283897149,874.0712226288929,102,618.1799675590632,610.1799644665302,102,8.566731717256846e+76,-263.8912608306516
ztf_000436_zr_c03_q4_match_programid2,28055,43.6949843735528,35.694984342703876,57,27.391281953216932,19.39128186176036,57,255.6450007912783,-16.303702420335867
ztf_000436_zr_c03_q4_match_programid2,39023,23.756632691945615,15.756632627862388,23,15.931813424799737,7.9318134418652555,23,57.59853185951552,-7.8248192671458785
ztf_000436_zr_c03_q4_match_programid2,58723,2435.8694053719287,2427.8694177907278,40,1802.6727199074846,1794.6727066637466,40,8.88166193226088e+253,-633.196685464444
ztf_000436_zr_c03_q4_match_programid2,58933,185.26798218074697,177.26798232042054,54,67.39104627661223,59.391046643909405,54,1.0892519858764796e-11,-117.87693590413474
ztf_000436_zr_c03_q4_match_programid2,60768,23.070355709828895,15.070355757734625,74,19.496351139236836,11.496351196274919,74,2867.4352965068483,-3.5740045705920593
ztf_000436_zr_c03_q4_match_programid2,68091,259.1212479208207,251.12124555888244,38,154.84575450987413,146.84575330059533,38,95761881823.881,-104.27549341094655
ztf_000436_zr_c03_q4_match_programid2,77815,48.68785391303221,40.687853660444105,56,41.90621591482905,33.90621569511759,56,42384316.51722049,-6.781637998203159
ztf_000436_zr_c03_q4_match_programid2,83286,60.2193877716447,52.21938757979678,17,62.884054930926204,54.88405574579416,17,171286900135609.06,2.6646671592815068
ztf_000436_zr_c03_q4_match_programid2,95751,64.02053315584084,56.020533292508084,90,48.69424740206137,40.69424767409296,90,17610058.882101852,-15.326285753779466
ztf_000436_zr_c03_q4_match_programid2,95973,11.146299950617099,3.146299922301079,10,10.925827433565319,2.9258274269910087,10,211.17294836949583,-0.22047251705178006
ztf_000436_zr_c03_q4_match_programid2,100804,79.13713068551607,71.13713064351234,86,78.4737655300373,70.47376557230261,86,7.876146011348533e+16,-0.6633651554787718
ztf_000436_zr_c03_q4_match_programid2,103724,99.59476694995601,91.59476698866702,88,47.22594686249809,39.22594667981506,88,0.07642567244554127,-52.36882008745792
ztf_000436_zr_c03_q4_match_programid2,103768,145.66654259931803,137.6665432400314,28,212.5860473137557,204.58604516337073,28,4.941507440026107e+60,66.91950471443766
ztf_000436_zr_c03_q4_match_programid2,113725,28.178756040374694,20.178756046641965,28,15.070518851229437,7.070518807875876,28,2.667497670868907,-13.108237189145257
ztf_000436_zr_c03_q4_match_programid2,115819,2092.796950896156,2084.796949188111,47,2038.2626880855546,2030.2626668713274,47,inf,-54.534262810601376
ztf_000436_zr_c03_q4_match_programid2,127298,25.669913945955603,17.669914065941366,35,20.054379946600562,12.054379984292531,35,1365.7007879249757,-5.615533999355041
ztf_000436_zr_c03_q4_match_programid2,129161,93.60599249794888,85.60599235530866,57,94.14651252859116,86.14651229425344,57,3.63938393877658e+20,0.5405200306422842
ztf_000436_zr_c03_q4_match_programid2,130240,44.68447140240112,36.68447139716488,29,32.070410625360445,24.070410547576078,29,16783.89247404798,-12.614060777040677
ztf_000436_zr_c03_q4_match_programid2,138175,25.660651573373197,17.660651575242863,10,15.119735983578543,7.119736145584076,10,9.869115129485305,-10.540915589794654
ztf_000436_zr_c03_q4_match_programid2,138233,14.243430701187021,6.243430731161799,17,22.405912304297892,14.405912355069457,17,4343525.718036362,8.162481603110871
ztf_000436_zr_c03_q4_match_programid2,138242,10.268770195149756,2.2687702289184966,9,12.963272341512779,4.96327236590016,9,2512.132426961229,2.694502146363023
ztf_000436_zr_c03_q4_match_programid2,138256,26.358310906993214,18.358311029079847,10,11.027479639107712,3.02747964496855,10,0.11628911541885965,-15.330831267885502
ztf_000436_zr_c03_q4_match_programid2,138271,22.934269204502765,14.934269205427709,22,19.383857336299563,11.383857466980459,22,2742.767521704521,-3.550411868203202
ztf_000436_zr_c03_q4_match_programid2,145607,33.889872634415056,25.88987280835287,73,31.972330246264253,23.972330440936233,73,3359806.459888543,-1.9175423881508031
ztf_000436_zr_c03_q4_match_programid2,152129,33.00743193272939,25.007431544772622,60,48.52339586315085,40.52339559269439,60,80532335005240.73,15.515963930421464
ztf_000436_zr_c03_q4_match_programid2,155723,32.63440085506619,24.63440081660893,38,28.66899800488705,20.668998007716613,38,231375.5847959977,-3.9654028501791387
ztf_000436_zr_c03_q4_match_programid2,156930,177.9237698770547,169.92376927342747,56,144.2245759191987,136.22457627135088,56,1.0006489592972956e+24,-33.69919395785598
ztf_000436_zr_c03_q4_match_programid2,163786,19.685502938790528,11.685502769311299,12,18.430621550442503,10.43062142098096,12,5366.171983386942,-1.254881388348025
ztf_000436_zr_c03_q4_match_programid2,163807,11.157052963801586,3.157053006633349,10,15.258659490598017,7.258659452777557,10,15996.624475722607,4.101606526796431
ztf_000436_zr_c03_q4_match_programid2,169220,57.9182134055639,49.91821362135429,23,51.50833036948983,43.50833052019282,23,6208739087.026622,-6.4098830360740635
ztf_000436_zr_c03_q4_match_programid2,173362,58.663390112032594,50.663389817661184,43,48.49750492759784,40.49750467114185,43,210671345.2331322,-10.165885184434757
ztf_000436_zr_c03_q4_match_programid2,181691,67.13468441288123,59.1346848215725,57,62.80141191373192,54.801412229097515,57,4968155236187.782,-4.3332724991493095
ztf_000436_zr_c03_q4_match_programid2,186357,38.996110964572836,30.996110127685085,21,29.576173844921748,21.576173364659958,21,23816.130034279297,-9.419937119651088
ztf_000436_zr_c03_q4_match_programid2,187030,39.955400271245864,31.95539982262868,46,27.131994675638964,19.131994372778387,46,1279.5894202350173,-12.8234055956069
ztf_000436_zr_c03_q4_match_programid2,187349,473.51614409322684,465.51613434544987,37,371.23619863292674,363.23619089962,37,2.5299288824952523e+58,-102.2799454603001
ztf_000436_zr_c03_q4_match_programid2,188440,107.2759814639419,99.27598313465278,62,56.67224741462435,48.67224768014618,62,20.78552191683841,-50.60373404931755
ztf_000436_zr_c03_q4_match_programid2,1390,110.3634137501268,102.36341121905052,27,54.090057747582314,46.09005684666904,27,0.33566248678694344,-56.27335600254448
ztf_000436_zr_c03_q4_match_programid2,2331,19.15456005654959,11.154560153116028,22,15.616168832890786,7.616168907197148,22,419.42671082108825,-3.538391223658806
ztf_000436_zr_c03_q4_match_programid2,4950,107.52483685557615,99.52483791662634,104,75.05341238854878,67.05341302457526,104,1764254327.561457,-32.471424467027376
ztf_000436_zr_c03_q4_match_programid2,6139,50.7716771449721,42.77167667040769,46,51.6237153094044,43.623714796763956,46,248293347500.89578,0.852038164432301
ztf_000436_zr_c03_q4_match_programid2,8035,54.90383259325984,46.903832714383626,40,40.71865310688736,32.718653223651984,40,577657.7303640498,-14.185179486372483
ztf_000436_zr_c03_q4_match_programid2,20994,41.71151279710339,33.71151297388786,58,20.61283822084841,12.612838211455996,58,0.7843356872934385,-21.09867457625498
ztf_000436_zr_c03_q4_match_programid2,74470,250.5976388165803,242.59763875325632,36,272.0417425485644,264.041740917268,36,5.365890157204415e+63,21.444103731984114
ztf_000436_zr_c04_q1_match_programid2,3144,1039.303506074722,1031.3035216213166,60,177.88377954767208,169.883780924937,60,3.7329744905996787e-149,-861.41972652705
ztf_000436_zr_c04_q1_match_programid2,3729,8.325853852688942,0.32585385241579456,0,8.093154972104749,0.09315497200704351,0,50.91858811343342,-0.2326988805841932
ztf_000436_zr_c04_q1_match_programid2,13969,35.663256910194036,27.663256741020973,59,30.150162748223888,22.150162671417377,59,223805.86772505447,-5.513094161970148
ztf_000436_zr_c04_q1_match_programid2,25266,109.00551922237698,101.00552066857257,24,16.161512755733092,8.161512956805073,24,2.231557395712962e-17,-92.84400646664389
ztf_000436_zr_c04_q1_match_programid2,25613,434.75540469799415,426.755401032157,57,110.04565238025539,102.04565210926884,57,2.4337892427686875e-47,-324.7097523177388
ztf_000436_zr_c04_q1_match_programid2,50247,14.629706977581153,6.629707014593932,10,13.49446964540131,5.494469685314044,10,482.8065986597091,-1.1352373321798428
ztf_000436_zr_c04_q1_match_programid2,51342,551.7865234985685,543.7865237053779,17,475.9506370083637,467.9506370760985,17,7.652690318159642e+86,-75.83588649020481
ztf_000436_zr_c04_q1_match_programid2,68495,656.3615264503214,648.3615214170029,57,135.1899869519367,127.18998590899031,57,1.5316897507976907e-84,-521.1715394983847
ztf_000436_zr_c04_q1_match_programid2,73440,677.2280235048701,669.2280149987123,108,192.27397385665407,184.27397255111987,108,2.7882329832100728e-64,-484.954049648216
ztf_000436_zr_c04_q1_match_programid2,73652,696.2234371564848,688.2234378947012,101,151.81559343975348,143.81559373360966,101,5.619219970562179e-86,-544.4078437167313
ztf_000436_zr_c04_q1_match_programid2,73711,601.2885308082352,593.2885308981795,91,152.07348584554023,144.07348654230938,91,2.995920368518603e-65,-449.215044962695
ztf_000436_zr_c04_q1_match_programid2,93275,37.08223195086574,29.08223221083897,16,36.060881364461466,28.060881648837253,16,40619767.4475945,-1.0213505864042745
ztf_000436_zr_c04_q1_match_programid2,93292,13.189760070731161,5.189760046568692,1,8.286976870819625,0.2869768770159052,1,5.430856386714494,-4.902783199911536
ztf_000436_zr_c04_q1_match_programid2,93299,8.892074849157915,0.8920748205896506,0,8.447513295111076,0.44751329913272825,0,54.67878932582691,-0.44456155404683884
ztf_000436_zr_c04_q1_match_programid2,93489,44.85517299698702,36.855172937159864,55,39.08275359221703,31.082753599697703,55,17109887.89316878,-5.772419404769991
ztf_000436_zr_c04_q1_match_programid2,94346,44.097517588719484,36.09751789425909,17,55.28433597503025,47.28433633959705,17,271661298632337.8,11.186818386310769
ztf_000436_zr_c04_q1_match_programid2,96349,41.82894183066174,33.828941746711806,73,28.816645126923966,20.816645254953755,73,2703.153170690591,-13.012296703737775
ztf_000436_zr_c04_q1_match_programid2,100815,40.79173406077636,32.79173387387195,47,26.9150545029914,18.915054611024058,47,678.0272457488202,-13.876679557784964
ztf_000436_zr_c04_q1_match_programid2,101346,178.34052558681677,170.3405255256782,112,39.848300445914596,31.848300301294724,112,3.7996528161039867e-22,-138.49222514090218
ztf_000436_zr_c04_q1_match_programid2,101362,17.18000758365409,9.180007689506324,12,12.656167614354253,4.656167658472427,12,58.33275801035904,-4.523839969299836
ztf_000436_zr_c04_q1_match_programid2,101372,26.32536483126418,18.32536475088672,57,27.50308687034514,19.503086799413815,57,1690279.4947143877,1.1777220390809582
ztf_000436_zr_c04_q1_match_programid2,127870,415.20631840111776,407.20631768897863,22,334.77491709788364,326.77491517770466,22,1.698215141336094e+55,-80.43140130323411
ztf_000436_zr_c04_q1_match_programid2,131959,30.599939168847914,22.599939229183946,16,91.60575872996722,83.60575850802155,16,1.377790427854266e+33,61.00581956111931
ztf_000436_zr_c04_q1_match_programid2,134073,1217.2289702444439,1209.2289716264113,105,213.197276630708,205.19727603004114,105,1.8727866399930882e-172,-1004.0316936137359
ztf_000436_zr_c04_q1_match_programid2,137953,167.75445389097794,159.75445455729084,183,168.4048111586763,160.40481179913064,183,5.127000884920874e+36,0.6503572676983538
ztf_000436_zr_c04_q1_match_programid2,137953,167.75445389097794,159.75445455729084,183,168.4048111586763,160.40481179913064,183,5.127000884920874e+36,0.6503572676983538
ztf_000436_zr_c04_q1_match_programid2,142240,49.886150915715085,41.88615102114773,31,68.97723832934192,60.97723821206648,31,1.3298233376778682e+19,19.09108741362683
ztf_000436_zr_c04_q1_match_programid2,145976,300.0029763673561,292.0029771293757,50,112.44092737449431,104.44092719387228,50,4.8714214420049214e-17,-187.56204899286178
ztf_000436_zr_c04_q1_match_programid2,149407,77.626004212035,69.62600536074886,56,69.94206717367676,61.94206815069377,56,33050739846842.125,-7.683937038358238
ztf_000436_zr_c04_q1_match_programid2,149408,43.48192639121259,35.481926391068384,46,40.84642027733974,32.84642033645876,46,198332819.03417745,-2.63550611387285
ztf_000436_zr_c04_q1_match_programid2,155926,73.49976590057058,65.49976621136476,55,65.26770972897842,57.26770976401857,55,2427363436529.909,-8.232056171592163
ztf_000436_zr_c04_q1_match_programid2,165807,366.13370929106867,358.13370765860805,70,85.12798920874961,77.12798825563979,70,2.9220737774303873e-43,-281.00572008231904
ztf_000436_zr_c04_q1_match_programid2,165835,401.89760451339123,393.89760546124455,39,127.31094901533127,119.31095015857437,39,1.0458916073838262e-32,-274.58665549805994
ztf_000436_zr_c04_q1_match_programid2,171207,318.70329462833763,310.7032975008144,15,181.13897671901358,173.13897695171346,15,2898123816.796571,-137.56431790932405
ztf_000436_zr_c04_q1_match_programid2,174298,244.23705846497558,236.23706009340717,82,130.72080264276858,122.72080335467263,82,5444.022029241912,-113.516255822207
ztf_000436_zr_c04_q1_match_programid2,176319,43.52195970442143,35.521959671322065,56,41.99824056299678,33.99824041544637,56,615078654.313639,-1.5237191414246496
ztf_000436_zr_c04_q1_match_programid2,178598,37.26794319763036,29.267943131690814,36,30.0697316386113,22.069731677321705,36,92573.67007842746,-7.198211559019057
ztf_000436_zr_c04_q1_match_programid2,182257,42.29417374361778,34.29417392102677,42,34.44657959331341,26.446579668423862,42,596892.7461259646,-7.847594150304374
ztf_000436_zr_c04_q1_match_programid2,191537,27.276822192320495,19.276822414565505,46,33.125902330861734,25.125902535906242,46,290609568.3371802,5.84908013854124
ztf_000436_zr_c04_q2_match_programid2,2928,259.31519854800376,251.31520321010305,22,39.91322238771323,31.91322213999881,22,1.0580649706463282e-39,-219.40197616029053
ztf_000436_zr_c04_q2_match_programid2,36812,961.999191048541,953.9991908528348,23,496.12013364178773,488.1201321246193,23,3687790.72616839,-465.87905740675325
ztf_000436_zr_c04_q2_match_programid2,38194,31.605583760484876,23.605583808920738,26,17.683553972478407,9.68355403241824,26,6.558501140935816,-13.92202978800647
ztf_000436_zr_c04_q2_match_programid2,72074,19.380665054329405,11.380665162360945,24,27.710852001305614,19.710852162857307,24,67021195.236455865,8.330186946976209
ztf_000436_zr_c04_q2_match_programid2,76806,20.11917863519274,12.119178684890478,19,29.16148239822864,21.161482319348377,19,197627218.77567345,9.0423037630359
ztf_000436_zr_c04_q2_match_programid2,76812,36.52200520656539,28.522004901788826,14,35.03668953732572,27.03668927869765,14,19301375.756272197,-1.485315669239668
ztf_000436_zr_c04_q2_match_programid2,94167,25.982189744380015,17.982189722662525,51,27.679006164769852,19.67900611443677,51,2392648.077054623,1.6968164203898368
ztf_000436_zr_c04_q2_match_programid2,96529,524.6632990505224,516.6633085779549,15,38.72208189575168,30.7220820070681,15,7.719668972495856e-98,-485.9412171547707
ztf_000436_zr_c04_q2_match_programid2,100165,34.40360481551264,26.403604919785167,26,43.94990507611593,35.949905885658715,26,413574154206.95483,9.546300260603296
ztf_000436_zr_c04_q2_match_programid2,101772,47.45307891786905,39.45307882123518,52,48.94280940881994,40.942809328468584,52,89389579317.27982,1.4897304909508904
ztf_000436_zr_c04_q2_match_programid2,110963,30.480169675420292,22.480169759955757,15,179.74724586760047,171.74724768165714,15,2.783250327550662e+71,149.26707619218018
ztf_000436_zr_c04_q2_match_programid2,113439,39.74020151785972,31.740201119896263,52,44.970645059083374,36.97064479725894,52,79621046662.33289,5.230443541223657
ztf_000436_zr_c04_q2_match_programid2,119007,94.70173742786903,86.70173648973149,20,88.64270669967668,80.64270634571844,20,8.566775477819459e+17,-6.059030728192354
ztf_000436_zr_c04_q2_match_programid2,134009,24.489248525580884,16.48924846720607,59,23.64484554588972,15.644845496991131,59,89341.49093561809,-0.8444029796911643
ztf_000436_zr_c04_q2_match_programid2,145955,39.969427130212,31.96942723527053,10,21.88349994730806,13.883500081727364,10,6.677785243518267,-18.085927182903937
ztf_000436_zr_c04_q2_match_programid2,165661,9.750439564632183,1.7504395469298495,3,14.847557637397072,6.847557644124075,3,21425.516597579335,5.097118072764889
ztf_000436_zr_c04_q2_match_programid2,166466,62.83922530457031,54.83922416369071,56,54.52006436909624,46.52006326908913,56,10774539312.600294,-8.319160935474073
ztf_000436_zr_c04_q2_match_programid2,170690,57.31731416928418,49.31731389372263,71,42.349581602899605,34.34958134477053,71,882862.2968853207,-14.967732566384576
ztf_000436_zr_c04_q2_match_programid2,170708,74.11754690154316,66.11754684539913,100,57.613483696564614,49.61348364761015,100,844884294.0210305,-16.50406320497855
ztf_000436_zr_c04_q2_match_programid2,170750,58.322797244691,50.32279723245246,84,30.446411932136474,22.446411900245632,84,3.6147160680125654,-27.87638531255453
ztf_000436_zr_c04_q2_match_programid2,178626,27.392663486554525,19.392663394296378,15,38.56404311892495,30.564043037271794,15,63082635323.38118,11.171379632370424
ztf_000436_zr_c04_q2_match_programid2,183400,95.34049918634469,87.34049824854038,38,72.14035992202282,64.1403593863999,38,42387117855.19504,-23.200139264321862
ztf_000436_zr_c04_q2_match_programid2,186970,22.09464065945914,14.094640589812007,49,18.965069615837383,10.96506963592175,49,2745.5845610243896,-3.129571043621759
ztf_000436_zr_c04_q2_match_programid2,1054,19.60718381816399,11.607183691521714,28,19.09150976435444,11.091509686668862,28,10806.659627756238,-0.5156740538095477
ztf_000436_zr_c04_q2_match_programid2,5816,52.71456147681215,44.714562234235416,36,39.09033335559007,31.090333595748184,36,338761.8449422756,-13.624228121222082
ztf_000436_zr_c04_q2_match_programid2,27653,574.6383274843479,566.6383223097503,74,610.232323751166,602.232321004376,74,1.7354157148962372e+140,35.59399626681807
ztf_000436_zr_c04_q4_match_programid2,9888,298.02174077032305,290.0217424977495,80,142.97103408178944,134.9710348234779,80,0.0023819487986907785,-155.0507066885336
ztf_000436_zr_c04_q4_match_programid2,28003,25.5898877703844,17.58988786244141,21,14.40863759773946,6.408637701534114,21,5.021324344454328,-11.18125017264494
ztf_000436_zr_c04_q4_match_programid2,28861,39.59294088779865,31.59294096226862,20,21.29509358483181,13.295093646017706,20,4.475522662215425,-18.297847302966836
ztf_000436_zr_c04_q4_match_programid2,33772,39.927535614149235,31.927535602848724,69,22.26682480607652,14.266824859408285,69,10.00472017373015,-17.660710808072714
ztf_000436_zr_c04_q4_match_programid2,34019,12.694241677785044,4.694241759715533,13,9.485385041425562,1.4853850353124807,13,23.063798010914702,-3.2088566363594815
ztf_000436_zr_c04_q4_match_programid2,40520,21.62674925795133,13.626749123870404,26,17.810958563210427,9.810958443726806,26,1093.9868187500101,-3.8157906947409046
ztf_000436_zr_c04_q4_match_programid2,58366,55.66413402048167,47.664134051859264,56,34.91535399467719,26.9153539487204,56,1191.8797771419167,-20.74878002580448
ztf_000436_zr_c04_q4_match_programid2,66195,291.62473340379853,283.62473327479455,55,311.7123828779645,303.71238276074854,55,1.1206282667573983e+72,20.08764947416597
ztf_000436_zr_c04_q4_match_programid2,66838,49.258782131430564,41.258782008594636,34,13.811692703075238,5.811692753720204,34,2.0041641726159072e-05,-35.447089428355326
ztf_000436_zr_c04_q4_match_programid2,67847,25.31768777267703,17.317687538249466,21,24.992786709108593,16.992786402583885,21,227281.0923653088,-0.3249010635684364
ztf_000436_zr_c04_q4_match_programid2,68462,27.819376055183398,19.819375702125942,42,18.70827907721594,10.708279004788931,42,121.33933592135563,-9.111096977967456
ztf_000436_zr_c04_q4_match_programid2,72142,41.677416325524476,33.677416204253014,47,29.014447445874104,21.01444732711158,47,3553.6811295135344,-12.662968879650371
ztf_000436_zr_c04_q4_match_programid2,72254,48.549857716578124,40.549858183259346,24,37.4319910531638,29.431991209479634,24,517653.92260116123,-11.117866663414326
ztf_000436_zr_c04_q4_match_programid2,93608,607.8296794001061,599.8296903389536,13,236.2589482530634,228.2589522278845,13,4.1439993281521745e-30,-371.5707311470427
ztf_000436_zr_c04_q4_match_programid2,93641,8.197706159034983,0.1977061596457119,0,8.016630502684,0.01663050253896862,0,50.288550310191965,-0.18107565635098233
ztf_000436_zr_c04_q4_match_programid2,96568,2781.8802307559395,2773.8802454386737,51,407.2817762455214,399.28177815903507,51,0.0,-2374.598454510418
ztf_000436_zr_c04_q4_match_programid2,100330,73.37993424919776,65.37993370178434,61,26.305954639838316,18.30595448794413,61,3.092293288514951e-05,-47.07397960935944
ztf_000436_zr_c04_q4_match_programid2,111027,26.92650321757026,18.926503575368862,26,14.749249810040556,6.7492499149708065,26,3.618277924747601,-12.177253407529705
ztf_000436_zr_c04_q4_match_programid2,114166,41.58166051266548,33.58166079474353,52,21.66755062536125,13.667550834299401,52,2.403005796701845,-19.914109887304228
ztf_000436_zr_c04_q4_match_programid2,117604,47.64575376089122,39.64575342552322,41,38.652643568024885,30.652643188427575,41,2757311.551911679,-8.993110192866332
ztf_000436_zr_c04_q4_match_programid2,129758,21.209248050520635,13.209248375141284,4,11.147606161720297,3.1476062474050774,4,1.7211318667475233,-10.061641888800338
ztf_000436_zr_c04_q4_match_programid2,142177,216.0092682962051,208.00926797881226,46,98.25961095824393,90.2596105576167,46,5.8585508343402544e-05,-117.74965733796118
ztf_000436_zr_c04_q4_match_programid2,142262,146.7054760641346,138.70547438821689,20,13.848084317847599,5.848084236717623,20,1.4370015757124728e-26,-132.857391746287
ztf_000436_zr_c04_q4_match_programid2,142432,29.892850547555135,21.89285065316591,54,22.673003127614137,14.6730032892775,54,2267.8280671441717,-7.219847419940997
ztf_000436_zr_c04_q4_match_programid2,142458,78.62090712824627,70.62090784373636,52,67.05957262189307,59.05957316148859,52,1125354325244.8022,-11.561334506353205
ztf_000436_zr_c04_q4_match_programid2,142530,15.702745928907301,7.702745918574917,8,10.115446559303038,2.1154465423658455,8,9.622206409240883,-5.587299369604263
ztf_000436_zr_c04_q4_match_programid2,143367,12.24231064677528,4.242310694654927,13,520.2552034016969,512.2552011417174,13,1.9301010144436624e+223,508.0128927549216
ztf_000436_zr_c04_q4_match_programid2,145708,103.12250963573041,95.12251020868453,20,87.37687527487404,79.37687627475741,20,3585306846277933.0,-15.745634360856371
ztf_000436_zr_c04_q4_match_programid2,151266,12.641701237087098,4.641701232891626,9,11.743532309778905,3.7435322774351834,9,226.4856734928355,-0.898168927308193
ztf_000436_zr_c04_q4_match_programid2,163986,38.75776844669283,30.757768962060865,57,31.909747458544576,23.90974788322009,57,276748.16920165496,-6.848020988148253
ztf_000436_zr_c04_q4_match_programid2,178640,58.68607045841923,50.68607054100815,49,23.23144054129013,15.231440519719989,49,0.0022170125492054515,-35.4546299171291
ztf_000436_zr_c04_q4_match_programid2,178734,46.32634789458076,38.326348312016385,26,54.444616257952845,46.44461679342908,26,38490874789039.45,8.118268363372081
ztf_000436_zr_c04_q4_match_programid2,181951,30.991309091936028,22.991309176216614,25,20.864276894627693,12.864276879527642,25,214.56706538966915,-10.127032197308335
ztf_000436_zr_c04_q4_match_programid2,184332,59.49894136569635,51.49894103593077,43,34.628466585733264,26.628466540279767,43,131.4985602495275,-24.87047477996309
ztf_000436_zr_c04_q4_match_programid2,192144,26.05062124213102,18.05062150050513,23,22.293575563048712,14.293575655298593,23,10596.350644302463,-3.7570456790823066
ztf_000436_zr_c04_q4_match_programid2,569,23.08679669951932,15.086796794161366,24,20.633246531741577,12.633246665674951,24,8864.840107635502,-2.453550167777742
ztf_000436_zr_c04_q4_match_programid2,3871,16.33513448030236,8.335134652912124,4,17.17233467597523,9.172334750681856,4,8141.807091934389,0.8372001956728674
ztf_000436_zr_c04_q4_match_programid2,49339,4128.510041627426,4120.509988993654,51,546.3280391196099,538.3280378600658,51,0.0,-3582.1820025078164
ztf_000436_zr_c05_q1_match_programid2,5520,166.00741963689765,158.0074166206265,114,26.71396825109737,18.71396811174767,114,3.578292593657164e-25,-139.29345138580027
ztf_000436_zr_c05_q1_match_programid2,7921,9.537934760250177,1.5379347448217708,26,9.804102965530843,1.804102948367902,26,153.7204334462957,0.26616820528066576
ztf_000436_zr_c05_q1_match_programid2,13948,243.94739315841858,235.94739321439278,57,76.54423629869193,68.54423629798312,57,1.8630996503322724e-20,-167.40315685972666
ztf_000436_zr_c05_q1_match_programid2,17159,71.57980192638746,63.57980247135927,40,48.39080121029185,40.390801651864614,40,296825.6614942833,-23.189000716095613
ztf_000436_zr_c05_q1_match_programid2,20084,122.63216484932244,114.63216625118761,27,41.63333293322649,33.63333304658222,27,2.8306782450759984e-09,-80.99883191609595
ztf_000436_zr_c05_q1_match_programid2,25486,600.6122710190997,592.6122753186555,83,202.21349050985057,194.21349102650308,83,2.50556435115395e-43,-398.39878050924915
ztf_000436_zr_c05_q1_match_programid2,51688,43.064028102880215,35.064028015368336,49,25.52331088419916,17.523310879344667,49,54.125034988381316,-17.540717218681056
ztf_000436_zr_c05_q1_match_programid2,55571,220.83560299751193,212.83560053911168,49,91.74149179514765,83.74149015314104,49,7.744292599897124e-09,-129.09411120236427
ztf_000436_zr_c05_q1_match_programid2,59044,48.53080251874402,40.530802392442176,43,31.010812022268876,23.010811813763926,43,850.1482643298973,-17.519990496475142
ztf_000436_zr_c05_q1_match_programid2,63845,50.241182376345904,42.24118238454859,22,29.353472008413135,21.353472162750503,22,68.91547958761666,-20.88771036793277
ztf_000436_zr_c05_q1_match_programid2,69366,11.978631520963582,3.9786315337402693,22,10.897250887365505,2.8972508964871238,22,135.35962519217136,-1.0813806335980765
ztf_000436_zr_c05_q1_match_programid2,89140,22.505333029660257,14.505333186664513,25,15.62403812543856,7.624038202204501,25,79.15212317034974,-6.881294904221697
ztf_000436_zr_c05_q1_match_programid2,90943,1334.969685084709,1326.9696907280709,85,154.93317183906777,146.93317117612648,85,2.5213766306899656e-223,-1180.0365132456413
ztf_000436_zr_c05_q1_match_programid2,91133,55.41916774071056,47.41916743447665,55,40.16253531486123,32.16253532123859,55,256004.7926321893,-15.256632425849332
ztf_000436_zr_c05_q1_match_programid2,91632,6730.744371608962,6722.744388612729,4,33.7279837291436,25.727983749305853,4,0.0,-6697.0163878798185
ztf_000436_zr_c05_q1_match_programid2,92255,1530.451747448707,1522.4517508300423,18,32.661667380309936,24.661667147050835,18,7.10244e-319,-1497.7900800683972
ztf_000436_zr_c05_q1_match_programid2,93822,74.92534883506885,66.92534904077341,27,22.101977026282075,14.10197693131125,27,2.1327202118740197e-07,-52.823371808786774
ztf_000436_zr_c05_q1_match_programid2,97803,20.66888016074831,12.66888010200023,52,16.337526446475003,8.337526458436734,52,404.67584588527683,-4.331353714273305
ztf_000436_zr_c05_q1_match_programid2,101972,1645.160132082489,1637.1600989209862,33,24.375861420865853,16.375861458746943,33,0.0,-1620.7842706616232
ztf_000436_zr_c05_q1_match_programid2,105871,110.89494059796976,102.89493993987175,58,28.504562009325994,20.50456189119374,58,1.989956593664587e-12,-82.39037858864377
ztf_000436_zr_c05_q1_match_programid2,106891,75.33373597782308,67.3337355777203,64,33.36595271473615,25.365952647052612,64,0.013556145742179155,-41.96778326308693
ztf_000436_zr_c05_q1_match_programid2,120763,14.023269033038344,6.023269183148329,9,20.5585884505856,12.558588735728426,9,764482.1336260211,6.535319417547255
ztf_000436_zr_c05_q1_match_programid2,124536,45.141784137108424,37.141784198086775,38,25.80753186362181,17.80753161606121,38,25.448067198605738,-19.334252273486612
ztf_000436_zr_c05_q1_match_programid2,126805,45.74349345910778,37.743493767179565,59,34.733582836954014,26.733583001396383,59,141752.25183147116,-11.009910622153768
ztf_000436_zr_c05_q1_match_programid2,128258,181.02169373225655,173.02169308349556,25,34.69335569656529,26.693355142160613,25,5.738145963545396e-25,-146.32833803569127
ztf_000436_zr_c05_q1_match_programid2,128542,97.75566268473337,89.75566256668452,56,89.2889932590618,81.28899303551806,56,3.550950576941399e+17,-8.466669425671569
ztf_000436_zr_c05_q1_match_programid2,133518,182.9371089581569,174.93710983484505,114,62.59619366860749,54.59619373931673,114,2.889967910564037e-13,-120.3409152895494
ztf_000436_zr_c05_q1_match_programid2,134411,42.541664156182236,34.5416639495091,82,23.88828556537546,15.888285621927615,82,13.700789888738706,-18.653378590806774
ztf_000436_zr_c05_q1_match_programid2,146701,52.90210655272003,44.902106507696956,20,25.322845592566495,17.322845740803746,20,0.3236127533286881,-27.579260960153533
ztf_000436_zr_c05_q1_match_programid2,159923,73.19356112412923,65.19356164161005,38,69.81379935124728,61.81379958030091,38,266666195801562.75,-3.379761772881949
ztf_000436_zr_c05_q1_match_programid2,160480,118.4228947701395,110.42289403852156,55,107.90781366078437,99.90781268444064,55,1.4078719694874788e+21,-10.515081109355123
ztf_000436_zr_c05_q1_match_programid2,164349,27.174857991240362,19.17485820206193,30,24.984523649714365,16.984523854041402,30,89062.5894766034,-2.190334341525997
ztf_000436_zr_c05_q1_match_programid2,164470,44.342948771871384,36.3429487982338,43,30.997559619239684,22.99755951758537,43,6809.5766637912175,-13.3453891526317
ztf_000436_zr_c05_q1_match_programid2,170516,48.50229331291881,40.50229312529842,27,37.12857121065842,29.12857121795168,27,391376.2115307053,-11.373722102260388
ztf_000436_zr_c05_q1_match_programid2,173052,328.9903268348099,320.99032668117627,107,116.99134365596022,108.99134370752718,107,2.3407401702595956e-21,-211.99898317884964
ztf_000436_zr_c05_q1_match_programid2,4016,16.345530939881677,8.345530955993807,26,18.733243073432533,10.7332431419966,26,38579.54927372649,2.387712133550856
ztf_000436_zr_c05_q1_match_programid2,4017,15.485346417687035,7.48534638618363,10,15.115372653067062,7.115372648549566,10,1591.9253016407115,-0.36997376461997256
ztf_000436_zr_c05_q2_match_programid2,8306,55.293098775598686,47.29309898267955,45,42.46266990641702,34.462670025397976,45,2719940.3791931868,-12.830428869181667
ztf_000436_zr_c05_q2_match_programid2,14151,45.43646102560871,37.43646111867008,68,37.43362722926998,29.43362730977521,68,2459323.1221901816,-8.002833796338727
ztf_000436_zr_c05_q2_match_programid2,22849,26.535597683598166,18.535597511434553,7,44.923225769993415,36.9232257916126,7,55947055849029.06,18.38762808639525
ztf_000436_zr_c05_q2_match_programid2,28117,51.44787465977794,43.44787481740651,84,40.20846918841012,32.20846949936002,84,1952325.6452888944,-11.239405471367817
ztf_000436_zr_c05_q2_match_programid2,32189,16.641142781603982,8.641142749723208,59,15.318109017842907,7.318109030098889,59,1093.936160463261,-1.3230337637610745
ztf_000436_zr_c05_q2_match_programid2,67824,23.07740810222757,15.077408042713579,26,14.88412204409071,6.88412211002557,26,28.372432666002357,-8.19328605813686
ztf_000436_zr_c05_q2_match_programid2,85983,95.67581142702876,87.67581061686685,28,83.4487847634924,75.44878375543527,28,2921515986652355.5,-12.227026663536364
ztf_000436_zr_c05_q2_match_programid2,86265,110.28574867074148,102.28574926115218,40,65.44483088708354,57.44483074073569,40,29790.84920600665,-44.84091778365794
ztf_000436_zr_c05_q2_match_programid2,118524,77.88632547979111,69.88632480881722,41,74.24850551991334,66.24850510152251,41,2152363165161758.0,-3.637819959877774
ztf_000436_zr_c05_q2_match_programid2,120982,15.507796415589235,7.507796563104412,12,16.704638724447673,8.704638867246008,12,7713.601797282108,1.1968423088584377
ztf_000436_zr_c05_q2_match_programid2,124437,38.598124727361025,30.598124487938495,27,48.65435218525783,40.65435249537245,27,5608418125166.27,10.056227457896803
ztf_000436_zr_c05_q2_match_programid2,130675,78.02316146621268,70.0231617461721,56,44.753103357182795,36.75310349856317,56,311.5384059093502,-33.27005810902989
ztf_000436_zr_c05_q2_match_programid2,131456,73.22305436616296,65.2230543283512,62,49.8540350007807,41.85403492280345,62,563829.859659578,-23.369019365382258
ztf_000436_zr_c05_q2_match_programid2,147136,264.63616498177043,256.6361674868788,59,249.20231700491706,241.20231719869355,59,5.783331289531472e+50,-15.433847976853372
ztf_000436_zr_c05_q2_match_programid2,162605,600.6481210645579,592.6481207946817,99,564.4516739901183,556.4516736790342,99,5.118763246824318e+114,-36.196447074439675
ztf_000436_zr_c05_q2_match_programid2,172260,88.06589210847031,80.06589157162009,55,82.22143758620935,74.2214370134053,55,3.846370760358244e+16,-5.8444545222609605
ztf_000436_zr_c05_q2_match_programid2,177050,90.946844246286,82.94684430037267,55,50.44952849351342,42.449528181857545,55,144.90905958244804,-40.497315752772586
ztf_000436_zr_c05_q2_match_programid2,16008,96.50205554831611,88.5020556589321,51,99.89289141002982,91.89289158327603,51,2.6777893641251897e+22,3.390835861713711
ztf_000436_zr_c05_q2_match_programid2,20690,14.35852085967938,6.358520929294189,26,11.088214918567093,3.0882149307361066,26,49.846809319244976,-3.2703059411122872
ztf_000436_zr_c05_q3_match_programid2,45200,13.857306160547889,5.8573061531148864,26,11.456245373211772,3.456245332102114,26,92.5354942870271,-2.4010607873361174
ztf_000436_zr_c05_q3_match_programid2,45201,28.90793114573707,20.90793112531077,32,22.009665636066757,14.009665721953278,32,1911.6080220351803,-6.898265509670313
ztf_000436_zr_c05_q4_match_programid2,2633,224.98730616846052,216.9873075052881,60,48.45084028188758,40.45084018372956,60,1.5365963398833952e-28,-176.53646588657296
ztf_000436_zr_c05_q4_match_programid2,2715,82.27360065344011,74.27359988648165,50,44.65369726601212,36.65369703748707,50,33.679755818121194,-37.619903387427996
ztf_000436_zr_c05_q4_match_programid2,11943,34.05320654058878,26.05320660801585,57,42.09492613556515,34.09492623102615,57,77096434034.38326,8.041719594976371
ztf_000436_zr_c05_q4_match_programid2,14110,67.45834771258257,59.45834884267016,50,60.313218417478126,52.31321911368394,50,350997367781.74255,-7.145129295104439
ztf_000436_zr_c05_q4_match_programid2,14133,71.96598902917607,63.96598861426323,61,62.11777808649608,54.11777774018432,61,223971258859.9034,-9.84821094267999
ztf_000436_zr_c05_q4_match_programid2,18547,61.20995543030497,53.20995547754747,27,68.33850381616949,60.338503928763245,27,2.4404064739424972e+16,7.128548385864519
ztf_000436_zr_c05_q4_match_programid2,31833,205.39753264747452,197.39753006437107,104,170.41706701088918,162.41706650333373,104,2.56852804663052e+29,-34.980465636585336
ztf_000436_zr_c05_q4_match_programid2,32827,240.5307172208035,232.53071442772674,104,223.82915000972557,215.82914766433854,104,9.488184688852712e+44,-16.70156721107793
ztf_000436_zr_c05_q4_match_programid2,48040,51.28318378276592,43.2831840253786,28,62.06692799969043,54.06692816235412,28,6596635282772589.0,10.78374421692451
ztf_000436_zr_c05_q4_match_programid2,49480,18.949632314048337,10.949632229662459,25,13.99470246839227,5.994702428159047,25,91.82515790813287,-4.954929845656068
ztf_000436_zr_c05_q4_match_programid2,59414,86.96719770460048,78.96719763823188,28,95.47323862898733,87.47323894475156,28,3.7915227932744976e+22,8.506040924386852
ztf_000436_zr_c05_q4_match_programid2,60303,41.88038267167262,33.88038284966668,23,46.441619983103635,38.441620112197235,23,118885733643.56596,4.5612373114310145
ztf_000436_zr_c05_q4_match_programid2,62822,246.9047527728189,238.90475285525264,211,238.76839702122254,230.76839700099865,211,1.2053451833236885e+50,-8.13635575159637
ztf_000436_zr_c05_q4_match_programid2,62822,246.9047527728189,238.90475285525264,211,238.76839702122254,230.76839700099865,211,1.2053451833236885e+50,-8.13635575159637
ztf_000436_zr_c05_q4_match_programid2,69356,83.94282522891157,75.94282517847118,30,67.74386976821827,59.743869745242804,30,155896342746.18915,-16.1989554606933
ztf_000436_zr_c05_q4_match_programid2,72920,93.8981174430452,85.89811810997564,66,114.70277978632397,106.70278078267225,66,2.6611367149906687e+29,20.80466234327878
ztf_000436_zr_c05_q4_match_programid2,72932,62.927285110964114,54.927284943562384,52,79.11855269381986,71.11855250468379,52,4.9689486498079644e+20,16.19126758285575
ztf_000436_zr_c05_q4_match_programid2,72955,40.84967984099145,32.84968014762809,46,27.912827469377994,19.912827578137044,46,1786.4533218995145,-12.936852371613455
ztf_000436_zr_c05_q4_match_programid2,79543,101.79090468939962,93.7909045640384,55,47.230031287088785,39.23003102065389,55,0.025593392721876596,-54.56087340231084
ztf_000436_zr_c05_q4_match_programid2,79952,87.47622212109736,79.47622289643463,60,55.296995468201715,47.29699580592246,60,104703.14217732348,-32.17922665289565
ztf_000436_zr_c05_q4_match_programid2,79960,32.84942576643618,24.849425790902277,62,24.97459489390728,16.974594812641175,62,5166.144841345027,-7.8748308725288965
ztf_000436_zr_c05_q4_match_programid2,84375,13.519235003680379,5.519234979356064,19,14.204059181254712,6.204059146044818,19,1710.330113019286,0.6848241775743329
ztf_000436_zr_c05_q4_match_programid2,87931,65.67431315306634,57.67431322780087,59,47.48108912494624,39.481088971474215,59,2289702.715199493,-18.1932240281201
ztf_000436_zr_c05_q4_match_programid2,101641,35.12130883092854,27.121308797837905,26,18.66900409300117,10.66900407414307,26,3.0293548544790565,-16.45230473792737
ztf_000436_zr_c07_q1_match_programid2,163553,36.910118924899436,28.910118967658743,73,0.39602902695422937,75.07761227347203,67.0776122564203,73,0.9188714007728808,3.8981831248566257e+24,38.16749334857259
ztf_000436_zr_c07_q1_match_programid2,163553,36.910118924899436,28.910118967658743,73,0.39602902695422937,75.07761227347203,67.0776122564203,73,0.9188714007728808,3.8981831248566257e+24,38.16749334857259
ztf_000436_zr_c07_q1_match_programid2,163553,36.910118924899436,28.910118967658743,73,0.39602902695422937,75.07761227347203,67.0776122564203,73,0.9188714007728808,3.8981831248566257e+24,38.16749334857259
ztf_000436_zr_c07_q2_match_programid2,12400,113.82973505431936,105.82973664390336,19,5.5699861391528085,85.49132154550685,77.49132396258591,19,4.0784907348729424,2573927396835.7812,-28.338413508812508
ztf_000436_zr_c07_q2_match_programid2,128817,177.07586957038095,169.0758683255132,58,2.91510117802609,38.06613035245096,30.066129934118546,58,0.5183815505882508,1.2032997962422376e-22,-139.00973921793
ztf_000436_zr_c07_q1_match_programid2,163553,36.910118924899436,28.910118967658743,73,0.39602902695422937,75.07761227347203,67.0776122564203,73,0.9188714007728808,194073337.56654632,38.16749334857259
ztf_000436_zr_c07_q2_match_programid2,12400,113.82973505431936,105.82973664390336,19,5.5699861391528085,85.49132154550685,77.49132396258591,19,4.0784907348729424,7.020882318613795e-07,-28.338413508812508
ztf_000436_zr_c07_q2_match_programid2,128817,177.07586957038095,169.0758683255132,58,2.91510117802609,38.06613035245096,30.066129934118546,58,0.5183815505882508,6.522568720258885e-31,-139.00973921793
ztf_000436_zr_c07_q1_match_programid2,163553,36.910118924899436,28.910118967658743,73,0.39602902695422937,75.07761227347203,67.0776122564203,73,0.9188714007728808,194073337.56654632,38.16749334857259
