match_file,id,aic_flare,chi_flare,dof_flare,red_flare,aic_gauss,chi_gauss,dof_gauss,red_gauss,exp_comp,perc_comp,ra,dec
ztf_000436_zr_c01_q1_match_programid2,33146,26.12984108913662,18.129841179503714,24,0.7554100491459881,24.166865670524718,16.16686580451401,24,0.6736194085214171,0.37475316016520577,-1.9629754186119008,287.3959775,-5.149021
ztf_000436_zr_c01_q1_match_programid2,34396,28.90250977200915,20.90250979476824,24,0.8709379081153433,121.78532951594373,113.78533050601551,24,4.741055437750647,1.4765495962974765e+20,92.88281974393458,287.7608331,-5.1687817
ztf_000436_zr_c01_q1_match_programid2,65253,56.14674198273677,48.14674248862738,32,1.5045857027696057,25.444375578944193,17.44437571675473,32,0.5451367411485853,2.1531081493698057e-07,-30.702366403792578,287.7007781,-4.9348946
ztf_000436_zr_c01_q1_match_programid2,67219,31.952824036959687,23.952824259489226,48,0.4990171720726922,29.311256597125094,21.311256764475615,48,0.44398451592657534,0.26692602472716875,-2.641567439834592,287.4219292,-4.9821313
ztf_000436_zr_c01_q1_match_programid2,98283,67.41471496630172,59.4147150099765,67,0.8867867911936791,49.48195698708876,41.4819571982639,67,0.6191336895263269,0.00012762950420476765,-17.93275797921296,287.5974156,-4.9718303
ztf_000436_zr_c01_q1_match_programid2,103617,72.26912863694486,64.2691289801705,107,0.6006460652352383,53.27225550272784,45.272255605784025,107,0.4231051925774208,7.49689472292312e-05,-18.99687313421702,287.3982061,-5.136678
ztf_000436_zr_c01_q1_match_programid2,116468,12.740740809231825,4.740740818226804,10,0.4740740818226804,14.410081061330487,6.410081044539017,10,0.6410081044539017,2.3040538755588305,1.669340252098662,287.4900472,-4.6730495
ztf_000436_zr_c01_q1_match_programid2,117367,16.456656711516793,8.456656695567156,49,0.1725848305217787,16.432958756653594,8.432958746244307,49,0.17210119890294504,0.9882209452582172,-0.02369795486319859,287.6680009,-4.7099764
ztf_000436_zr_c01_q1_match_programid2,123504,31.876003562943545,23.87600370016849,28,0.8527144178631604,16.104681365142106,8.104681288832772,28,0.28945290317259903,0.00037609789143408073,-15.771322197801439,287.4233941,-4.9754293
ztf_000436_zr_c01_q1_match_programid2,127291,18.77098168845693,10.770981807705741,59,0.18255901368992783,16.92640807307157,8.926408098905346,59,0.15129505252381945,0.39760874590738754,-1.844573615385361,287.3972278,-5.1403152
ztf_000436_zr_c01_q1_match_programid2,133369,35.78444074487891,27.784440973423035,54,0.5145266846930192,28.707938345121207,20.70793858859806,54,0.3834803442332974,0.029064109983743095,-7.0765023997577,287.1752321,-5.3812419
ztf_000436_zr_c01_q1_match_programid2,145028,34.48825120859694,26.488251433987408,45,0.5886278096441646,39.658991524119784,31.658991775317993,45,0.7035331505626221,13.268199508125294,5.170740315522842,287.9423433,-5.3845885
ztf_000436_zr_c01_q1_match_programid2,152114,29.91203957977434,21.912039349240636,56,0.39128641695072564,30.21464460182443,22.21464443698996,56,0.3966900792319636,1.1633485306129558,0.30260502205008777,287.7521015,-5.4815961
ztf_000436_zr_c01_q1_match_programid2,20711,73.96242503740858,65.96242538502058,104,0.6342540902405825,64.39798165561452,56.3979819100759,104,0.5422882875968836,0.008377366358626733,-9.564443381794064,288.0343351,-5.1536951
ztf_000436_zr_c01_q2_match_programid2,1406,21.755823180010516,13.755823227973037,30,0.4585274409324346,20.836567446988955,12.83656749455859,30,0.427885583151953,0.6315186110091701,-0.9192557330215614,286.6049659,-4.6701907
ztf_000436_zr_c01_q2_match_programid2,1484,18.017871676523313,10.017871805464338,9,1.1130968672738153,11.827225315269313,3.827225278670734,9,0.4252472531856371,0.04526038281747645,-6.190646361254,286.6437094,-4.6715423
ztf_000436_zr_c01_q2_match_programid2,1495,11.408756809942096,3.4087568753591926,13,0.2622120673353225,11.166059355903785,3.166059406585361,13,0.24354303127579702,0.8857250294805458,-0.24269745403831067,286.6266405,-4.6714698
ztf_000436_zr_c01_q2_match_programid2,1498,23.219321733724662,15.21932149673714,13,1.1707170382105492,21.697833630767942,13.697833353843464,13,1.0536794887571896,0.46731858853442637,-1.5214881029567202,286.61596,-4.6715922
ztf_000436_zr_c01_q2_match_programid2,1503,18.261307101590965,10.261307048829451,20,0.5130653524414726,17.500838608223713,9.50083856123192,20,0.47504192806159595,0.6837012357059767,-0.7604684933672523,286.5998055,-4.671776
ztf_000436_zr_c01_q2_match_programid2,1526,20.689514873440014,12.689514886578047,10,1.2689514886578048,42.52863607981698,34.52863672025143,10,3.452863672025143,55246.51846511631,21.839121206376962,287.0503769,-4.6725005
ztf_000436_zr_c01_q2_match_programid2,1548,15.29391747140882,7.293917465622493,12,0.6078264554685411,15.51767817948802,7.517678184543316,12,0.6264731820452764,1.1183790431051368,0.22376070807919923,286.6326578,-4.672546
ztf_000436_zr_c01_q2_match_programid2,1676,11.389755746611765,3.3897557070098054,10,0.33897557070098056,11.599147510555447,3.5991474695460886,10,0.35991474695460884,1.1103728745933985,0.20939176394368175,286.3476219,-4.6746736
ztf_000436_zr_c01_q2_match_programid2,2862,244.4473628205269,236.44736227851718,52,4.5470646592022534,184.8042805466893,176.80428007101466,52,3.400082309057974,1.1185856468863085e-13,-59.64308227383759,286.5681209,-4.6932377
ztf_000436_zr_c01_q2_match_programid2,31779,22.659999546148782,14.659999370079023,49,0.2991836606138576,20.31064464040101,12.310644471711141,49,0.2512376422798192,0.30891860442838054,-2.3493549057477736,286.8525802,-5.1864507
ztf_000436_zr_c01_q2_match_programid2,48212,46.401845101310776,38.401845365773454,85,0.45178641606792297,36.346465449562984,28.34646567190757,85,0.3334878314342067,0.006553933823492524,-10.055379651747792,286.7668236,-5.4751026
ztf_000436_zr_c01_q2_match_programid2,49835,14.454449160838369,6.454449293925977,10,0.6454449293925977,13.913917939468895,5.913918073045381,10,0.5913918073045381,0.7631767595121081,-0.5405312213694735,286.6189584,-4.6701319
ztf_000436_zr_c01_q2_match_programid2,49848,14.012206304440154,6.01220628357208,12,0.5010171902976733,12.80412491399379,4.804124869669829,12,0.40034373913915244,0.5465985297928195,-1.2080813904463632,287.0731376,-4.6706035
ztf_000436_zr_c01_q2_match_programid2,49850,11.270048940363441,3.2700489379701465,10,0.32700489379701464,10.985299715438892,2.985299705307929,10,0.2985299705307929,0.8672962956216949,-0.2847492249245498,287.0534675,-4.6707522
ztf_000436_zr_c01_q2_match_programid2,49892,9.484681881619617,1.4846818791591423,10,0.14846818791591423,9.48060556071347,1.4806055577483377,10,0.14806055577483376,0.9979639151855415,-0.0040763209061474015,286.6541875,-4.6715134
ztf_000436_zr_c01_q2_match_programid2,49902,8.439143170892951,0.43914318079411013,7,0.0627347401134443,8.317123078077369,0.3171230835383086,7,0.0453032976483298,0.9408137879295624,-0.1220200928155819,286.6348638,-4.671872
ztf_000436_zr_c01_q2_match_programid2,49905,22.105557781037547,14.105557852030405,30,0.4701852617343468,19.96739193606971,11.967391995749004,30,0.39891306652496683,0.3433232271023866,-2.138165844967837,286.5979617,-4.6725524
ztf_000436_zr_c01_q2_match_programid2,49943,22.353157507641342,14.35315765732831,20,0.7176578828664155,21.51751337071449,13.517513504219385,20,0.6758756752109693,0.6584793822501239,-0.8356441369268524,286.6147095,-4.6727043
ztf_000436_zr_c01_q2_match_programid2,49944,18.80787413611171,10.807874116413608,17,0.6357573009655063,15.646805129159517,7.646805153122545,17,0.44981206783073796,0.20586503321658348,-3.161069006952193,286.6004484,-4.6727258
ztf_000436_zr_c01_q2_match_programid2,49963,23.615714304331018,15.615714606467858,24,0.6506547752694941,20.896910515323025,12.896910660191372,24,0.5373712775079739,0.25681433309166785,-2.7188037890079926,286.346621,-4.6727965
ztf_000436_zr_c01_q2_match_programid2,79056,47.22804119512268,39.22804158743578,54,0.7264452145821442,33.43770057088519,25.43770078144796,54,0.471068532989777,0.0010126644908107934,-13.790340624237487,286.8243977,-5.3313613
ztf_000436_zr_c01_q2_match_programid2,85740,76.19130123818334,68.19130150138716,54,1.2628018796553178,38.639966654465496,30.639966650482577,54,0.5674067898237515,7.011828755226918e-09,-37.551334583717846,286.7651924,-5.4791972
ztf_000436_zr_c01_q2_match_programid2,87092,13.628641556295515,5.6286415918681785,18,0.31270231065934323,13.132030510798835,5.1320305478387205,18,0.28511280821326224,0.7801215619807784,-0.4966110454966799,287.0389464,-4.6682147
ztf_000436_zr_c01_q2_match_programid2,87181,22.506398021951455,14.506398215344358,10,1.4506398215344358,15.106744259188979,7.1067443207928065,10,0.7106744320792806,0.02472780694359698,-7.399653762762476,286.6589911,-4.6707149
ztf_000436_zr_c01_q2_match_programid2,87254,19.90744941751621,11.90744950609683,24,0.49614372942070123,19.661875889163642,11.661875970157231,24,0.4859114987565513,0.8844522393562383,-0.24557352835256907,286.6182315,-4.6721735
ztf_000436_zr_c01_q2_match_programid2,104074,11.130448736117154,3.130448711381179,9,0.3478276345979088,11.12968641475545,3.129686389908557,9,0.3477429322120619,0.9996189119516521,-0.0007623213617033997,286.9231243,-5.105922
ztf_000436_zr_c01_q2_match_programid2,120396,54.036780455685324,46.03678029424995,33,1.3950539483106046,54.36696307321188,46.36696287307937,33,1.4050594810024053,1.179500812555098,0.3301826175265532,286.6064141,-4.6709086
ztf_000436_zr_c01_q2_match_programid2,120419,12.538014309173256,4.538014388076158,9,0.504223820897351,16.628255893935584,8.628256049510385,9,0.958695116612265,7.730092217763641,4.090241584762328,286.6139062,-4.6714538
ztf_000436_zr_c01_q2_match_programid2,120464,13.699754185666539,5.699754107834287,11,0.5181594643485715,14.087097066363818,6.087096990729835,11,0.5533724537027123,1.213697445429334,0.38734288069727896,286.6082858,-4.6730548
ztf_000436_zr_c01_q2_match_programid2,144544,92.89269698309455,84.89269740126015,51,1.664562694142356,45.149226903144594,37.149226952040095,51,0.7284162147458842,4.291777500723511e-11,-47.74347007994996,286.7655898,-5.4778587
ztf_000436_zr_c01_q2_match_programid2,145328,14.390661796503254,6.390661672587689,10,0.639066167258769,13.986573688041217,5.986573561157205,10,0.5986573561157205,0.817058932246404,-0.40408810846203735,286.4897909,-4.6730747
ztf_000436_zr_c01_q2_match_programid2,152859,28.137493492921724,20.1374933738486,56,0.35959809596158215,21.801334259748522,13.80133421796744,56,0.24645239674941857,0.04208433841772122,-6.336159233173202,286.6923954,-5.1507928
ztf_000436_zr_c01_q2_match_programid2,157755,37.55429091173475,29.554290587385772,54,0.5473016775441809,33.071539701272194,25.071539477571125,54,0.46428776810316896,0.10631216018271279,-4.48275121046256,286.3663223,-5.4403612
ztf_000436_zr_c01_q2_match_programid2,166518,25.95529407865574,17.955293952899552,20,0.8977646976449776,82.10894437351618,74.10894469436539,20,3.7054472347182696,1561745383645.818,56.15365029486044,286.4378021,-4.6719798
ztf_000436_zr_c01_q2_match_programid2,175959,26.627980367565836,18.627980305788903,37,0.5034589271834838,22.972505078743318,14.972504923955887,37,0.404662295242051,0.1607768911350906,-3.655475288822519,286.3024483,-4.9986351
ztf_000436_zr_c01_q2_match_programid2,4989,15.222628745617813,7.2226287811443735,24,0.30094286588101554,62.36278174493624,54.36278297502,24,2.2651159572924997,17232733104.486298,47.14015299931843,286.512931,-4.670384
ztf_000436_zr_c01_q2_match_programid2,15678,61.40151483173696,53.40151427618047,57,0.9368686715119381,48.9287731342282,40.928772682448574,57,0.7180486435517294,0.0019569446995109916,-12.47274169750876,287.1665,-4.8773264
ztf_000436_zr_c01_q2_match_programid2,28771,19.004378530578677,11.004378452892041,10,1.100437845289204,152.2988565077505,144.29885624913538,10,14.429885624913538,8.80092108496359e+28,133.29447797717182,286.6002274,-4.6037259
ztf_000436_zr_c01_q2_match_programid2,29191,13.201887627766775,5.20188762414444,10,0.520188762414444,12.977915756517856,4.977915765491927,10,0.4977915765491927,0.894056831762969,-0.22397187124891893,286.630527,-4.6036062
ztf_000436_zr_c01_q3_match_programid2,176,52.10837950328753,44.10837962358507,27,1.63364368976241,46.78350555758081,38.78350579871816,27,1.4364261406932652,0.0697779673640341,-5.32487394570672,286.8052395,-5.5142634
ztf_000436_zr_c01_q3_match_programid2,13793,291.95228868243936,283.952291315703,62,4.579875666382306,119.3584308356418,111.35843176406267,62,1.796103738130043,3.3244512083822753e-38,-172.59385784679756,286.3167429,-5.7474756
ztf_000436_zr_c01_q3_match_programid2,14207,35.76630478639849,27.766304639971366,26,1.0679347938450525,33.9683333669968,25.968333255468337,26,0.9987820482872437,0.4069822486094761,-1.7979714194016907,286.3128874,-5.7546504
ztf_000436_zr_c01_q4_match_programid2,22863,81.08681389592982,73.086813200112,60,1.2181135533352,89.82370909912683,81.82370773328384,60,1.3637284622213974,78.92101968803495,8.736895203197008,287.9419135,-5.8819797
ztf_000436_zr_c01_q4_match_programid2,36347,8.645754506440968,0.6457545010538218,10,0.06457545010538218,35.1200375274042,27.12003749898151,10,2.712003749898151,560812.279287351,26.474283020963234,287.6951956,-6.114481
ztf_000436_zr_c01_q4_match_programid2,58076,109.63743501707816,101.63743573414592,51,1.9928908967479593,83.9211022384963,75.92110247282605,51,1.4886490680946285,2.604769450686889e-06,-25.716332778581858,287.9094844,-5.7241474
ztf_000436_zr_c01_q4_match_programid2,76710,77.24017901082877,69.24017935804406,30,2.308005978601469,41.550845516728806,33.550845980748555,30,1.1183615326916185,1.7789334456860083e-08,-35.68933349409996,287.5285423,-6.1321794
ztf_000436_zr_c01_q4_match_programid2,78590,144.7017194679101,136.70171992901535,70,1.9528817132716478,83.19597676851764,75.19597673324044,70,1.074228239046292,4.407554287205606e-14,-61.50574269939246,287.412699,-6.1700184
ztf_000436_zr_c01_q4_match_programid2,95462,130.1789818142015,122.17898242909362,57,2.1434909198086602,127.39404492863011,119.39404553197592,57,2.0946323777539635,0.2484612347029019,-2.7849368855713976,287.9086758,-5.723842
ztf_000436_zr_c01_q4_match_programid2,101518,34.604108003233904,26.6041081058876,59,0.4509170865404678,24.507104723385755,16.507104752264773,59,0.27978143647906395,0.006418944133942847,-10.097003279848149,287.2200768,-5.8971452
ztf_000436_zr_c01_q4_match_programid2,105005,242.0672983874607,234.06730087005548,104,2.250647123750533,194.3610979629323,186.36110015388175,104,1.791933655325786,4.372503859868375e-11,-47.70620042452842,287.2378904,-5.9974733
ztf_000436_zr_c01_q4_match_programid2,110186,62.630106369725695,54.63010635136902,59,0.9259340059554072,34.05377796579878,26.053777902210605,59,0.44158945596967125,6.233459333975291e-07,-28.576328403926915,287.2361259,-6.1499536
ztf_000436_zr_c01_q4_match_programid2,121355,73.4669972510332,65.46699782145903,41,1.59675604442583,61.67729600175293,53.677296153011255,41,1.3092023451953965,0.0027535876304899697,-11.789701249280277,287.9137844,-5.7044322
ztf_000436_zr_c01_q4_match_programid2,128821,5552.613950233009,5544.614011704356,46,120.53508721096426,324.8067807184347,316.8067851870669,46,6.887104025805803,0.0,-5227.8071695145745,287.8655567,-6.0358214
ztf_000436_zr_c01_q4_match_programid2,131717,355.322962523066,347.32296367849483,91,3.816735864598844,182.1516477931495,174.15164769243594,91,1.913754370246549,2.4907308184909275e-38,-173.1713147299165,287.4100209,-6.1703541
ztf_000436_zr_c01_q4_match_programid2,132107,53.89424500636086,45.89424531353201,73,0.6286882919661919,50.523470770716024,42.523471064631806,73,0.5825133022552302,0.1853726570048701,-3.370774235644838,287.9497109,-6.1882528
ztf_000436_zr_c01_q4_match_programid2,137570,71.73382719200634,63.73382821209922,17,3.7490487183587775,86.25271717361916,78.25271855370862,17,4.603101091394625,1421.4673907594088,14.518889981612816,287.2971189,-5.6702214
ztf_000436_zr_c01_q4_match_programid2,141260,33.02935632369248,25.02935668816798,28,0.8939055960059993,22.984052569699138,14.984052656284774,28,0.5351447377244563,0.006587035519353114,-10.045303753993345,287.9631998,-5.9667082
ztf_000436_zr_c01_q4_match_programid2,142303,80.16112092215283,72.16112026233571,25,2.8864448104934284,49.72703805921047,41.727037845840336,25,1.6690815138336135,2.4621974399430674e-07,-30.43408286294236,287.631844,-6.0569081
ztf_000436_zr_c01_q4_match_programid2,143652,55.58514348275428,47.5851431840586,23,2.068919268872113,49.20834497340728,41.20834524020719,23,1.7916671843568341,0.04123782939631846,-6.3767985093470045,287.4020877,-6.1686508
ztf_000436_zr_c01_q4_match_programid2,148980,259.4650368641195,251.46503956154703,57,4.411667360728895,209.40554458662004,201.40554640024683,57,3.5334306386008216,1.3480914941492953e-11,-50.05949227749946,287.940537,-5.9546353
ztf_000436_zr_c01_q4_match_programid2,149392,108.53389201905888,100.53389120159032,56,1.7952480571712557,110.00328647395375,102.00328615636111,56,1.8214872527921628,2.0848506613785176,1.4693944548948679,287.8429365,-6.0152897
ztf_000436_zr_c01_q4_match_programid2,159977,260.9222307033907,252.92223118275564,60,4.215370519712594,229.50541392412504,221.50541448276863,60,3.691756908046144,1.5063466185958353e-07,-31.416816779265673,287.9064275,-6.2528585
ztf_000436_zr_c01_q4_match_programid2,20873,164.37102747507473,156.371026456906,106,1.4751983628010001,129.122647219662,121.12264664661653,106,1.1426664777982691,2.21774433992655e-08,-35.24838025541271,288.0355746,-6.3506154
ztf_000436_zr_c01_q4_match_programid2,41663,94.64626641401296,86.64626748181516,25,3.465850699272606,81.55588630214925,73.5558873429546,25,2.9422354937181843,0.0014370109441667032,-13.090380111863709,287.5242725,-6.3791835
ztf_000436_zr_c02_q1_match_programid2,1872,14.940920330071602,6.940920317651897,8,0.8676150397064871,14.341738538502712,6.341738546307522,8,0.7927173182884403,0.7411213545412006,-0.5991817915688902,286.0080858,-4.675912
ztf_000436_zr_c02_q1_match_programid2,20474,30.076399956968913,22.07639984302741,28,0.7884428515366932,32.86877403567826,24.86877385129202,28,0.8881704946890007,4.0397670901357134,2.7923740787093436,286.1026488,-4.9699084
ztf_000436_zr_c02_q1_match_programid2,23943,41.74501234144339,33.745012432154766,102,0.3308334552172036,28.634114583336803,20.63411469152162,102,0.2022952420737414,0.0014223442631409208,-13.110897758106589,285.6479312,-5.0261041
ztf_000436_zr_c02_q1_match_programid2,23947,50.98220735950301,42.982207379713444,66,0.6512455663592946,26.381738052754404,18.38173810118482,66,0.27851118335128516,4.5506765061907565e-06,-24.600469306748604,285.643489,-5.0262117
ztf_000436_zr_c02_q1_match_programid2,24049,148.8636507598786,140.86364955710167,40,3.5215912389275417,35.713239154215906,27.713239139742278,40,0.6928309784935569,2.689678102673631e-25,-113.1504116056627,286.0619715,-5.0273849
ztf_000436_zr_c02_q1_match_programid2,24585,50.04264061086536,42.042640400138005,89,0.47238921797907873,78.57074320711115,70.57074291144947,89,0.7929296956342637,1566025.2794999906,28.528102596245787,285.7759003,-5.036144
ztf_000436_zr_c02_q1_match_programid2,28803,124.78061751245826,116.78061626265713,58,2.0134589010802952,30.17778154034225,22.17778142570894,58,0.38237554182256794,2.8658613961714972e-21,-94.60283597211601,285.9724835,-5.1055842
ztf_000436_zr_c02_q1_match_programid2,34183,57.8711125028982,49.87111249593299,28,1.7811111605690353,27.170612464231656,19.17061272412111,28,0.6846647401471825,2.155118330138031e-07,-30.700500038666544,285.4785026,-5.1955504
ztf_000436_zr_c02_q1_match_programid2,34251,31.428310150323096,23.428310435846857,23,1.018622192862907,15.51548439898431,7.5154844875721585,23,0.32676019511183296,0.0003504078221480261,-15.912825751338787,285.4780382,-5.1966513
ztf_000436_zr_c02_q1_match_programid2,36400,40.65460409699395,32.65460402893671,59,0.5534678648972323,34.32442794599896,26.324427856485748,59,0.4461767433302669,0.04221042394629386,-6.330176150994987,285.501811,-5.2314694
ztf_000436_zr_c02_q1_match_programid2,41923,23.6835979194447,15.6835978937739,24,0.6534832455739125,16.84475063201137,8.84475060961781,24,0.3685312754007421,0.032731294390799776,-6.838847287433332,285.3627634,-5.322338
ztf_000436_zr_c02_q1_match_programid2,53095,35.562742190234815,27.562742320408024,8,3.445342790051003,37.98807481064659,29.98807497200902,8,3.7485093715011275,3.3624380138183865,2.4253326204117727,286.0003561,-4.6744928
ztf_000436_zr_c02_q1_match_programid2,53099,40.80982411974876,32.809823803859636,20,1.6404911901929817,41.02672396081388,33.02672367783582,20,1.6513361838917908,1.1145490911157814,0.21689984106512128,286.0034764,-4.6745582
ztf_000436_zr_c02_q1_match_programid2,53116,23.358696699861003,15.358696800449506,13,1.1814382154191927,41.81166160205277,33.811661455145064,13,2.6008970350111587,10162.73066331736,18.45296490219177,286.1318021,-4.6747025
ztf_000436_zr_c02_q1_match_programid2,53117,18.70441078916921,10.704410917430282,10,1.0704410917430283,33.941166976518225,25.941167395423875,10,2.5941167395423874,2035.258452859415,15.236756187349016,286.1459397,-4.6748028
ztf_000436_zr_c02_q1_match_programid2,53156,9.908754747451022,1.9087547325562244,13,0.14682728711970958,10.078339716279107,2.078339708048356,13,0.15987228523448893,1.0884911643782975,0.16958496882808483,285.5889097,-4.6770777
ztf_000436_zr_c02_q1_match_programid2,53161,48.922832937349796,40.922832794492045,13,3.1479102149609264,34.36063551352605,26.360635441951022,13,2.0277411878423863,0.0006884287631334995,-14.562197423823747,286.0031376,-4.6760533
ztf_000436_zr_c02_q1_match_programid2,58160,26.391910295419535,18.391910282781783,50,0.3678382056556357,19.0835636079077,11.083563568346465,50,0.2216712713669293,0.025882884890340296,-7.308346687511836,285.5300208,-4.7746968
ztf_000436_zr_c02_q1_match_programid2,58403,141.5593623922562,133.55936255529056,43,3.106031687332339,61.124500391047775,53.124500328525194,43,1.2354534960122139,3.4181541162928637e-18,-80.43486200120842,285.524263,-4.7793088
ztf_000436_zr_c02_q1_match_programid2,70137,28.354389949677028,20.354390003942978,14,1.4538850002816412,21.358739594365282,13.358739637819404,14,0.9541956884156717,0.030263128832899673,-6.995650355311746,286.1417379,-5.0051338
ztf_000436_zr_c02_q1_match_programid2,71215,64.30774742668756,56.30774729450067,71,0.7930668633028264,41.288383013755926,33.28838302884508,71,0.4688504651950012,1.0032485235577144e-05,-23.01936441293163,285.6490696,-5.0262868
ztf_000436_zr_c02_q1_match_programid2,78559,126.91356461432052,118.9135663523317,74,1.6069400858423202,33.29108849491695,25.291088551294834,74,0.34177146690938964,4.6788338109030995e-21,-93.62247611940357,286.1390118,-5.1668452
ztf_000436_zr_c02_q1_match_programid2,78683,254.5192698558034,246.5192709460154,104,2.370377605250148,214.42933149873585,206.4293312072289,104,1.9848974154541241,1.9705184060529788e-09,-40.08993835706755,286.1388082,-5.1699189
ztf_000436_zr_c02_q1_match_programid2,83597,103.25164738296374,95.25164642523356,21,4.535792686915884,58.15280457087212,50.15280487117366,21,2.3882288033892216,1.6103145360067265e-10,-45.09884281209162,286.0434451,-5.2645445
ztf_000436_zr_c02_q1_match_programid2,95821,37.19755325175821,29.19755297122764,18,1.6220862761793133,34.618610957740245,26.61861069869023,18,1.4788117054827905,0.2754163993681376,-2.5789422940179634,286.0045291,-4.6752788
ztf_000436_zr_c02_q1_match_programid2,95874,30.012971550275168,22.01297128621502,12,1.8344142738512517,71.03566060343991,63.03566079788301,12,5.252971733156918,809028357.2086991,41.02268905316474,285.6594047,-4.6775964
ztf_000436_zr_c02_q1_match_programid2,115241,34.158923549310614,26.15892335724699,74,0.3534989642871215,27.66201524765783,19.662015139617978,74,0.26570290729213486,0.03883419326112387,-6.496908301652784,285.9786372,-5.1010338
ztf_000436_zr_c02_q1_match_programid2,115396,269.90029235035445,261.9002907751864,77,3.4013024775998235,59.167169333409696,51.167169270231305,77,0.6645086918211858,1.7373357632723522e-46,-210.73312301694475,285.9742233,-5.1041856
ztf_000436_zr_c02_q1_match_programid2,118646,162.25090983153535,154.25090977187466,77,2.0032585684659048,53.74512783680142,45.74512777493593,77,0.5940925685056614,2.7432716322612325e-24,-108.50578199473392,286.1382051,-5.1742083
ztf_000436_zr_c02_q1_match_programid2,119026,52.00400599174151,44.00400561243134,20,2.200200280621567,28.190648313277553,20.19064809305734,20,1.009532404652867,6.745203898176345e-06,-23.813357678463955,286.1376845,-5.182193
ztf_000436_zr_c02_q1_match_programid2,119238,33.688171357481686,25.688171109142253,41,0.6265407587595672,28.073019897012802,20.073019646098643,41,0.4895858450267962,0.060351122593111504,-5.6151514604688835,285.4883048,-5.1862049
ztf_000436_zr_c02_q1_match_programid2,125417,20.520442531198043,12.520442619967412,18,0.6955801455537451,12.781037265546013,4.781037286446429,18,0.26561318258035715,0.02086457294190003,-7.73940526565203,285.3620736,-5.3236634
ztf_000436_zr_c02_q1_match_programid2,130485,45.767505818549864,37.76750606362045,55,0.6866819284294627,25.940299537753802,17.940299465807446,55,0.3261872630146808,4.9496770130962984e-05,-19.827206280796062,285.963638,-5.4376284
ztf_000436_zr_c02_q1_match_programid2,142944,28.63354036638121,20.633540253280568,26,0.7935977020492526,31.570603775927932,23.570603695170256,26,0.9065616805834714,4.342853865810025,2.9370634095467203,285.6241968,-4.9839242
ztf_000436_zr_c02_q1_match_programid2,144281,93.42257633280927,85.42257692848779,75,1.138967692379837,50.40023476495387,42.400235179884035,75,0.5653364690651205,4.5479662090516106e-10,-43.0223415678554,285.644522,-5.0263143
ztf_000436_zr_c02_q1_match_programid2,146654,203.50832323558646,195.5083211941524,94,2.0798757573846,86.91761186925343,78.91761139861143,94,0.8395490574320364,4.81558115466755e-26,-116.59071136633303,285.9793173,-5.0999572
ztf_000436_zr_c02_q1_match_programid2,147208,49.43061285861668,41.430613006788555,44,0.9416048410633763,29.26064693206054,21.26064699412391,44,0.4831965225937252,4.170110364186065e-05,-20.169965926556145,285.3317313,-5.1175966
ztf_000436_zr_c02_q1_match_programid2,148989,438.2869336276727,430.2869295150688,94,4.577520526756051,101.32505234349662,93.32505280487943,94,0.9928197106902067,6.75549494387139e-74,-336.96188128417606,286.1382849,-5.1711216
ztf_000436_zr_c02_q1_match_programid2,149601,72.19169859284094,64.19169916968134,63,1.0189158598362118,42.22829684986052,34.22829720198791,63,0.5433063047934589,3.115515971545675e-07,-29.963401742980416,285.4830518,-5.1912655
ztf_000436_zr_c02_q1_match_programid2,159122,19.214236473966707,11.214236502126752,33,0.3398253485492955,24.04170336224931,16.04170354142106,33,0.4861122285279109,11.175606859672854,4.827466888282604,285.7873861,-4.6781344
ztf_000436_zr_c02_q1_match_programid2,168189,31.802874729826154,23.802874558241285,38,0.6263914357431917,22.849702513524807,14.849702570403858,38,0.3907816465895752,0.011372170320205145,-8.953172216301347,285.4821942,-5.1922182
ztf_000436_zr_c02_q1_match_programid2,172684,33.83416906699621,25.834169363937505,24,1.0764237234973961,24.00657883796829,16.00657904585641,24,0.6669407935773504,0.007344561919381788,-9.82759022902792,285.7528184,-5.4451178
ztf_000436_zr_c02_q1_match_programid2,173681,9.390602132726073,1.3906021121586278,6,0.23176701869310465,14.915912900245521,6.915912693460692,6,1.152652115576782,15.841853346811599,5.525310767519448,285.8606995,-4.6769018
ztf_000436_zr_c02_q1_match_programid2,176705,75.36101366917757,67.36101461387561,19,3.545316558625032,21.370792646856152,13.370792728348679,19,0.7037259330709831,1.888741255415664e-12,-53.990221022321414,286.1422849,-5.0030535
ztf_000436_zr_c02_q1_match_programid2,178435,92.79711643748877,84.79711631262369,89,0.9527765877822886,33.61794005068222,25.61794015480573,89,0.28784202421130034,1.4106040480432494e-13,-59.179176386806546,286.1386998,-5.172486
ztf_000436_zr_c02_q1_match_programid2,182130,61.83054375985862,53.8305440313661,58,0.9281128281270018,30.62581319680004,22.62581328852384,58,0.39010022911248,1.6748613226956297e-07,-31.204730563058583,285.5276837,-4.7763696
ztf_000436_zr_c02_q1_match_programid2,184473,132.58166154902324,124.58165990680486,14,8.898689993343204,36.91220545539666,28.9122050106196,14,2.0651575007585428,1.6812858811053427e-21,-95.66945609362658,286.1377466,-5.1811173
ztf_000436_zr_c02_q1_match_programid2,184474,145.18219935321963,137.1821990924375,14,9.798728506602677,29.483591825821552,21.48359174410722,14,1.53454226743623,7.52257616287023e-26,-115.69860752739808,286.1379305,-5.1817062
ztf_000436_zr_c02_q1_match_programid2,192030,79.60317294296982,71.6031725783003,48,1.491732762047923,67.52404147674534,59.524041076081716,48,1.2400841890850358,0.002382593370393208,-12.079131466224482,286.1621695,-5.1344098
ztf_000436_zr_c02_q2_match_programid2,19678,125.86691974000554,117.86691858989195,40,2.946672964747299,31.244120431007797,23.24412022766648,40,0.581103005691662,2.8373976122731225e-21,-94.62279930899774,285.1817399,-4.9462699
ztf_000436_zr_c02_q2_match_programid2,30843,77.33140134205806,69.33140115220789,53,1.308139644381281,34.89910084240731,26.89910082911458,53,0.5075302043229166,6.108618727505891e-10,-42.43230049965075,285.0952249,-5.1325133
ztf_000436_zr_c02_q2_match_programid2,31115,52.15123069023277,44.15123052351963,28,1.5768296615542725,14.871823066989705,6.871823006280659,28,0.24542225022430925,8.033031876077259e-09,-37.27940762324307,285.0930729,-5.1365591
ztf_000436_zr_c02_q2_match_programid2,31184,18.17284043430245,10.17284032227858,18,0.5651577956821433,284.7894419694776,276.78944017230305,18,15.377191120683502,7.853430690231354e+57,266.61660153517516,285.0923321,-5.137864
ztf_000436_zr_c02_q2_match_programid2,46252,58.35556614126779,50.355566052547964,66,0.7629631220083025,43.967833635056934,35.96783360282915,66,0.5449671758004417,0.0007511792498625433,-14.38773250621086,285.1083745,-5.4030885
ztf_000436_zr_c02_q2_match_programid2,54857,39.39825513708762,31.398255603292906,45,0.697739013406509,34.93905165353985,26.939052114215272,45,0.5986456025381172,0.10757126274629149,-4.459203483547768,284.6259441,-4.7014382
ztf_000436_zr_c02_q2_match_programid2,67534,95.49577123904331,87.49576989667582,57,1.535013506959225,42.33511355224226,34.33511323158805,57,0.6023704075717202,2.8596300763370713e-12,-53.160657686801045,285.1756555,-4.9563732
ztf_000436_zr_c02_q2_match_programid2,72624,98.53083646496597,90.53083618258219,49,1.8475680853588203,39.847048387621456,31.84704819864864,49,0.6499397591560947,1.8070797964247592e-13,-58.683788077344516,285.0051291,-5.0556724
ztf_000436_zr_c02_q2_match_programid2,90936,187.15289174617422,179.15288888716842,32,5.598527777724013,22.54149893400414,14.541498765506203,32,0.45442183642206885,1.7992446567658896e-36,-164.6113928121701,285.1059667,-5.4020345
ztf_000436_zr_c02_q2_match_programid2,93798,13.739295776117608,5.739295836267153,27,0.212566512454339,12.711523943366956,4.711523980386703,27,0.17450088816247047,0.598166631187763,-1.027771832750652,284.8055377,-5.4522702
ztf_000436_zr_c02_q2_match_programid2,93847,97.9343251368403,89.93432475921114,56,1.605970084985913,42.954433386049175,34.95443344784237,56,0.6241863115686137,1.1515112850482196e-12,-54.979891750791126,284.8007789,-5.4530684
ztf_000436_zr_c02_q2_match_programid2,94267,44.188920588816984,36.188920310747875,59,0.613371530690642,30.821517655789084,22.82151737260619,59,0.3868053791967151,0.0012511383444592415,-13.3674029330279,285.2870014,-5.4604668
ztf_000436_zr_c02_q2_match_programid2,98800,140.2187022427733,132.2187026136734,49,2.6983408696668043,44.21284236116787,36.21284207161448,49,0.7390375932982547,1.4209945475727556e-21,-96.00585988160543,284.5702365,-4.6887323
ztf_000436_zr_c02_q2_match_programid2,109551,67.19660359806215,59.19660232663996,35,1.691331495046856,31.453641804500286,23.4536416948042,35,0.6701040484229772,1.7318667052674627e-08,-35.74296179356187,285.1823458,-4.9445824
ztf_000436_zr_c02_q2_match_programid2,110130,97.76846945238178,89.76846976187535,43,2.0876388316715198,35.87158978172245,27.87158991526634,43,0.6481765096573567,3.624627290427866e-14,-61.89687967065933,285.1749405,-4.9583608
ztf_000436_zr_c02_q2_match_programid2,110349,93.99461465381368,85.99461444093323,49,1.754992131447617,51.47978233430083,43.479781186118686,49,0.8873424731860956,5.861671314537544e-10,-42.514832319512855,284.4650652,-4.9636465
ztf_000436_zr_c02_q2_match_programid2,117122,60.454057354914134,52.454057485086615,42,1.2489061305973004,27.382833122196875,19.38283310749133,42,0.4614960263688412,6.58680646318231e-08,-33.071224232717256,285.1012513,-5.1207502
ztf_000436_zr_c02_q2_match_programid2,117555,31.56183082120451,23.561830812266507,53,0.4445628455144624,25.373494499298065,17.373494464747523,53,0.32780178235372687,0.04531268965196973,-6.188336321906444,285.0963944,-5.131001
ztf_000436_zr_c02_q2_match_programid2,133666,51.915980863408926,43.915981331959294,41,1.0711214959014461,30.042784150998475,22.04278420392888,41,0.5376288830226555,1.7794905380622263e-05,-21.87319671241045,285.2809188,-5.4625011
ztf_000436_zr_c02_q2_match_programid2,135322,51.87491246050205,43.87491232760605,49,0.8954063740327765,38.91982556637835,30.919825490461477,49,0.6310168467441117,0.0015375831982543996,-12.955086894123703,284.7245012,-4.640665
ztf_000436_zr_c02_q2_match_programid2,148491,66.84637751947339,58.846378189733706,17,3.46155165821963,52.60440272679863,44.60440291795184,17,2.6237884069383433,0.0008079685719207165,-14.24197479267476,285.2057877,-5.0911881
ztf_000436_zr_c02_q2_match_programid2,149601,74.20306500802427,66.20306482921524,66,1.0030767398365945,41.82014986266656,33.82014984613545,66,0.5124265128202341,9.292644481696021e-08,-32.38291514535771,285.0983892,-5.1252107
ztf_000436_zr_c02_q2_match_programid2,154906,26510.04015359965,26502.039359295977,46,576.1312904194778,45.993185087782344,37.99318457411604,46,0.8259387950894792,0.0,-26464.046968511866,285.2558355,-5.2909407
ztf_000436_zr_c02_q2_match_programid2,158485,995.6811860798739,987.6811774622086,48,20.576691197129346,66.57254099996518,58.572540682058815,48,1.2202612642095587,1.7644980250133689e-202,-929.1086450799087,285.1745165,-5.3984419
ztf_000436_zr_c02_q2_match_programid2,158644,47.17703255568455,39.177032737907936,46,0.8516746247371291,32.13561585656021,24.135615727466604,46,0.5246872984231871,0.0005417486824578202,-15.04141669912434,285.1063712,-5.4027769
ztf_000436_zr_c02_q2_match_programid2,158894,376.0342209769614,368.03421807864686,17,21.64907165168511,240.46544895748278,232.46544817859333,17,13.674438128152548,3.6443090267963804e-30,-135.56877201947864,285.166034,-5.4095698
ztf_000436_zr_c02_q2_match_programid2,159248,19.19920727287836,11.199207179495405,54,0.2073927255462112,19.05161752280084,11.051617413046706,54,0.20465958172308715,0.9288622071253372,-0.14758975007752184,284.9601944,-5.4192198
ztf_000436_zr_c02_q2_match_programid2,162922,43.72119644506569,35.72119642453143,82,0.43562434664062716,42.29059813233337,34.290598162345404,82,0.4181780263700659,0.4890457887496405,-1.4305983127323145,284.6271985,-4.6996854
ztf_000436_zr_c02_q2_match_programid2,169710,75.4132017515142,67.41320151356635,103,0.6544971020734597,36.1255149347178,28.125514728423465,103,0.27306324979051905,2.9429792792836564e-09,-39.287686816796395,285.0988409,-5.1245414
ztf_000436_zr_c02_q2_match_programid2,170195,61.7390898680447,53.73909078052449,72,0.7463762608406179,49.62223610842828,41.62223675219079,72,0.5780866215582053,0.0023380760706955476,-12.116853759616419,285.3037174,-5.1513625
ztf_000436_zr_c02_q2_match_programid2,180378,51.91168918684846,43.91168964535826,36,1.2197691568155071,47.20676081895573,39.20676109382408,36,1.089076697050669,0.09513444436978451,-4.704928367892734,285.2423282,-5.0705157
ztf_000436_zr_c02_q2_match_programid2,182447,1217.1860245132764,1209.1860207139296,48,25.191375431540198,157.4399319894826,149.439931707093,48,3.1133319105644373,7.569372868725342e-231,-1059.7460925237938,285.2604894,-5.2850611
ztf_000436_zr_c02_q2_match_programid2,195925,508.16214884213804,500.1621442735714,51,9.807100868109243,166.84919639329172,158.84919390564596,51,3.1146900765812933,7.670683694010953e-75,-341.3129524488463,285.0013144,-5.0624576
ztf_000436_zr_c02_q2_match_programid2,195926,984.0509291274823,976.0509197936677,22,44.36595089971217,1899.9896422984693,1891.9896368396587,22,85.99952894725722,7.826443346725669e+198,915.9387131709871,285.0020339,-5.0618557
ztf_000436_zr_c02_q2_match_programid2,195928,337.04931635178116,329.0493181342828,34,9.677921121596555,70.70552120134904,62.705521194084696,34,1.844280035120138,1.4594181347472538e-58,-266.34379515043213,285.0010593,-5.0635413
ztf_000436_zr_c02_q2_match_programid2,8984,904.8827694024792,896.8827570415398,101,8.880027297440988,166.0018180999552,158.00181651660938,101,1.5643744209565285,3.581294476888815e-161,-738.880951302524,284.7159365,-5.4927183
ztf_000436_zr_c02_q2_match_programid2,9025,1138.1734385206412,1130.1734438276767,103,10.972557707064823,244.4401946648276,236.440194582758,103,2.295535869735515,8.477971454636105e-195,-893.7332438558136,284.7137233,-5.4940382
ztf_000436_zr_c02_q2_match_programid2,9093,70.58222490914034,62.582225286656126,39,1.604672443247593,122.22110131106905,114.22110253088987,39,2.928746218740766,163395291139.991,51.63887640192871,284.7093609,-5.4956987
ztf_000436_zr_c02_q2_match_programid2,11624,2509.2015912087877,2501.2016261093686,50,50.02403252218737,37.54146374597359,29.541463638790148,50,0.590829272775803,0.0,-2471.660127462814,284.7154448,-5.4937565
ztf_000436_zr_c02_q2_match_programid2,13019,26.158505686089,18.158505547256755,35,0.5188144442073359,24.237516963304294,16.237516894916425,35,0.46392905414046925,0.3827036452953763,-1.9209887227847062,284.6792517,-5.4693805
ztf_000436_zr_c02_q2_match_programid2,13103,76.72878372881934,68.72878365413682,53,1.2967695029082418,69.20460194764061,61.204601936647954,53,1.1548038101254332,0.023235107482008868,-7.524181781178726,284.5592671,-5.4776942
ztf_000436_zr_c02_q2_match_programid2,15359,282.485207218745,274.48520454694835,28,9.80304301953387,53.05303246906203,45.05303243218195,28,1.6090368725779267,1.5115978571083748e-50,-229.43217474968299,284.7082646,-5.4967114
ztf_000436_zr_c02_q2_match_programid2,113317,44.62351123116355,36.62351131872168,100,0.3662351131872168,41.24207163470339,33.24207182823754,100,0.3324207182823754,0.18438675495539597,-3.3814395964601545,284.8157768,-5.5373878
ztf_000436_zr_c02_q3_match_programid2,18873,50.79349863196049,42.793498811978054,63,0.6792618859044136,26.302011009413565,18.302011066399515,63,0.29050811216507166,4.8055271579256225e-06,-24.491487622546924,284.5498811,-5.7726707
ztf_000436_zr_c02_q3_match_programid2,38431,44.75649397052574,36.75649425931102,24,1.531520594137959,31.92704618636045,23.92704642951068,24,0.9969602678962782,0.0016372719094715743,-12.82944778416529,285.1516338,-6.0713861
ztf_000436_zr_c02_q3_match_programid2,39466,91.20099688360564,83.20099584545528,59,1.410186370261954,34.12253493141972,26.122534732873387,59,0.4427548259809049,4.032454440315906e-13,-57.07846195218592,284.9728349,-6.0866343
ztf_000436_zr_c02_q3_match_programid2,53369,106.61289272853449,98.61289319674343,113,0.872680470767641,65.55352992798517,57.55352978946537,113,0.5093232724731449,1.213591853882443e-09,-41.05936280054932,284.5276411,-6.2942033
ztf_000436_zr_c02_q3_match_programid2,63895,12.657418408425876,4.6574184329924355,24,0.19405910137468482,12.071513290459857,4.071513276853128,24,0.169646386535547,0.7460575335858041,-0.5859051179660195,284.7156502,-5.6260512
ztf_000436_zr_c02_q3_match_programid2,64798,39.97547345611024,31.975473244926793,30,1.0658491081642265,38.079843814372765,30.079843517895828,30,1.0026614505965277,0.3875870458867926,-1.8956296417374716,284.6938798,-5.6436059
ztf_000436_zr_c02_q3_match_programid2,75564,74.61724383568931,66.61724389589884,105,0.6344499418657032,63.61067703056816,55.61067709273561,105,0.5296254961212915,0.004073374927762655,-11.006566805121146,284.4535255,-5.8549534
ztf_000436_zr_c02_q3_match_programid2,76000,26.654803024497173,18.65480288382461,32,0.582962590119519,16.085910358713413,8.085910323999782,32,0.2526846976249932,0.0050698384140049355,-10.56889266578376,284.9827519,-5.8649683
ztf_000436_zr_c02_q3_match_programid2,86820,62.186866591393155,54.186866445438966,24,2.25778610189329,45.13504078222227,37.13504054526552,24,1.54729335605273,0.00019826363865437866,-17.051825809170886,285.1504697,-6.0727425
ztf_000436_zr_c02_q3_match_programid2,86931,29.20487676202693,21.2048767430636,24,0.8835365309609834,19.760690078148535,11.760690059865427,24,0.49002875249439276,0.008896535551180607,-9.444186683878396,285.1566761,-6.0749157
ztf_000436_zr_c02_q3_match_programid2,106759,21.637951111951246,13.637951184633888,53,0.2573198336723375,22.052283408680406,14.05228341315675,53,0.26513742288975,1.2301869483514625,0.4143322967291603,285.230527,-5.6193903
ztf_000436_zr_c02_q3_match_programid2,109483,19.054724004690556,11.054724077282497,24,0.460613503220104,18.21348410666553,10.213484172630157,24,0.4255618405262565,0.656639610525478,-0.8412398980250266,284.4557311,-5.6842633
ztf_000436_zr_c02_q3_match_programid2,109492,27.361574318416434,19.361574292629868,24,0.8067322621929112,17.444662214840765,9.444662207122208,24,0.39352759196342535,0.007023763792902828,-9.916912103575669,284.577544,-5.6846104
ztf_000436_zr_c02_q3_match_programid2,113351,28.707237881084342,20.7072382935398,17,1.2180728407964587,14.064015669020662,6.064015737152407,17,0.35670680806778865,0.0006610962565932656,-14.64322221206368,284.5443253,-5.7766364
ztf_000436_zr_c02_q3_match_programid2,121337,24.289310059820068,16.289310282127907,50,0.32578620564255817,23.159705681408777,15.159705842748137,50,0.3031941168549627,0.5684725856500968,-1.1296043784112904,284.9146345,-5.9651789
ztf_000436_zr_c02_q3_match_programid2,122492,60.71046397985343,52.71046329333026,49,1.0757237406802094,51.734748858734264,43.734748256523304,49,0.8925458827861898,0.01124470912947378,-8.975715121119165,284.4992589,-5.990632
ztf_000436_zr_c02_q3_match_programid2,125154,35.75714415003436,27.757144374639907,21,1.3217687797447575,28.6820810704034,20.682081200519093,21,0.9848610095485283,0.02908503379108703,-7.075063079630958,285.1975517,-6.0479444
ztf_000436_zr_c02_q3_match_programid2,126346,80.36529578426527,72.36529553457567,67,1.0800790378294876,57.49307254935562,49.49307244724309,67,0.738702573839449,1.0798410425886603e-05,-22.872223234909654,285.1512717,-6.0734724
ztf_000436_zr_c02_q3_match_programid2,126360,63.04239790173427,55.04239768710557,56,0.9828999586983137,49.789150994257795,41.789150975788516,56,0.7462348388533664,0.0013246282118632442,-13.253246907476473,285.1500633,-6.0738052
ztf_000436_zr_c02_q3_match_programid2,126389,72.6773099562448,64.67731036231419,58,1.115126040729555,46.61785473949978,38.617854941839006,58,0.6658250852041208,2.194124157011619e-06,-26.059455216745015,285.1538069,-6.0743612
ztf_000436_zr_c02_q3_match_programid2,130382,69.60345693619291,61.6034570439207,84,0.7333744886181035,58.42450701531902,50.424507525855155,84,0.6002917562601804,0.0037369894169873605,-11.17894992087389,284.6280171,-6.1624871
ztf_000436_zr_c02_q3_match_programid2,136537,60.226197500756456,52.22619824465402,34,1.53606465425453,26.73331501531139,18.733315201560064,34,0.5509798588694137,5.334736545405291e-08,-33.492882485445065,284.5346311,-6.2939004
ztf_000436_zr_c02_q3_match_programid2,140295,14.31315493227526,6.313154844379138,11,0.5739231676708307,14.051951394213855,6.051951334562113,11,0.5501773940511012,0.8775671792429229,-0.2612035380614053,285.1274562,-5.5427465
ztf_000436_zr_c02_q3_match_programid2,142238,69.54862230575586,61.54862244392055,99,0.6217032570092985,64.78539653706325,56.78539691095447,99,0.5735898677874188,0.09240142444828885,-4.763225768692607,285.3046976,-5.6123322
ztf_000436_zr_c02_q3_match_programid2,147151,57.79508278945482,49.79508340024018,24,2.0747951416766743,13.743932327428393,5.743932411466766,24,0.23933051714444856,2.719031359160753e-10,-44.05115046202643,284.5452676,-5.7757764
ztf_000436_zr_c02_q3_match_programid2,165435,22.902203616936838,14.902203421237878,10,1.4902203421237878,21.995983923816716,13.995983731832668,10,1.3995983731832669,0.6356483060114991,-0.9062196931201214,284.9715047,-5.5422462
ztf_000436_zr_c02_q3_match_programid2,170553,70.29780637139498,62.297806246248435,53,1.1754303065329894,67.1847941434998,59.18479404274681,53,1.1166942272216378,0.21087154677478892,-3.113012227895183,284.9395712,-5.8563882
ztf_000436_zr_c02_q3_match_programid2,172089,35.27808845042832,27.27808798577573,37,0.737245621237182,30.96348144556879,22.9634810642703,37,0.6206346233586568,0.11563651459403104,-4.314607004859532,285.0603885,-5.9496666
ztf_000436_zr_c02_q3_match_programid2,172624,30.478997120823557,22.478997173089596,44,0.5108862993883999,32.686399115526044,24.686399056336867,44,0.5610545240076561,3.015305034453341,2.2074019947024865,284.6732738,-5.9802891
ztf_000436_zr_c02_q3_match_programid2,174323,110.74844906580711,102.74844985012507,43,2.389498833723839,79.77352071706,71.77352060598949,43,1.6691516419997556,1.8787966208197752e-07,-30.974928348747113,284.7877085,-6.0786631
ztf_000436_zr_c02_q3_match_programid2,182448,31.181094968804487,23.181094918294317,55,0.42147445305989667,20.463298645245093,12.463298680183488,55,0.2266054305487907,0.00470608860021258,-10.717796323559394,284.4473483,-5.8599355
ztf_000436_zr_c02_q3_match_programid2,187249,10.342691781515283,2.342691784009215,12,0.19522431533410126,10.869128756655043,2.8691287566954564,12,0.2390940630579547,1.3011109644713084,0.5264369751397595,284.6764617,-5.5417253
ztf_000436_zr_c02_q3_match_programid2,11410,19.44916816757952,11.449168212304826,14,0.8177977294503448,10.936182539363609,2.936182556111245,14,0.2097273254365175,0.01417191890621921,-8.51298562821591,284.6932878,-6.362818
ztf_000436_zr_c02_q4_match_programid2,5352,26.694225275655462,18.69422526187779,24,0.7789260525782412,23.414859624133037,15.414859500207179,24,0.6422858125086325,0.19404157752132448,-3.2793656515224257,286.0878089,-5.5623891
ztf_000436_zr_c02_q4_match_programid2,5399,29.857472113298314,21.857472225514893,34,0.6428668301622027,32.46811126762938,24.4681114093041,34,0.7196503355677677,3.6888677832640555,2.610639154331068,285.3594391,-5.5632533
ztf_000436_zr_c02_q4_match_programid2,5511,116.09237743420779,108.09237768684886,42,2.5736280401630682,69.63526369351794,61.635263683471436,42,1.4675062781778914,8.165183111708017e-11,-46.45711374068985,285.3579475,-5.5652178
ztf_000436_zr_c02_q4_match_programid2,5570,65.06209897643679,57.06209996863571,30,1.9020699989545236,42.28760299815597,34.28760347250357,30,1.142920115750119,1.1339163938566662e-05,-22.774495978280818,285.3552824,-5.566148
ztf_000436_zr_c02_q4_match_programid2,15717,31.15754046970454,23.157540661274286,23,1.0068495939684472,26.62990288127719,18.629902940791375,23,0.8099957800344076,0.10395275164119701,-4.52763758842735,285.6314936,-5.7408359
ztf_000436_zr_c02_q4_match_programid2,15929,121.8035020159602,113.80350236682743,13,8.754115566679033,41.28290387586805,33.282903748933784,13,2.5602233653025985,3.2747207682420227e-18,-80.52059814009215,286.103571,-5.7442931
ztf_000436_zr_c02_q4_match_programid2,18635,125.98802028744183,117.98802079090927,21,5.6184771805194895,86.46626456835301,78.46626489159692,21,3.736488804361758,2.617940598029545e-09,-39.521755719088816,285.4232928,-5.792388
ztf_000436_zr_c02_q4_match_programid2,21878,152.09050221829216,144.09050358676308,63,2.287150850583541,90.63425345218408,82.6342538126928,63,1.3116548224236952,4.5179887087043686e-14,-61.456248766108075,285.5784308,-5.8474889
ztf_000436_zr_c02_q4_match_programid2,21911,60.222148457572054,52.22214866828738,38,1.374267070218089,46.357507215009086,38.357506959690724,38,1.009408077886598,0.0009757339301368115,-13.864641242562968,285.5799388,-5.8480543
ztf_000436_zr_c02_q4_match_programid2,24964,117.41164542482733,109.41164589659014,114,0.9597512797946504,61.48842912514897,53.488429349884484,114,0.4691967486831972,7.185018246707352e-13,-55.92321629967836,285.4269829,-5.9002033
ztf_000436_zr_c02_q4_match_programid2,24988,34.235549173839104,26.235549111922587,74,0.35453444745841334,34.49966780802751,26.499667773966973,74,0.35810361856712125,1.1411760085044498,0.26411863418840653,285.425723,-5.9005384
ztf_000436_zr_c02_q4_match_programid2,31020,90.06497044541848,82.06496928402825,28,2.930891760143866,59.965202644121995,51.96520196062551,28,1.8559000700223396,2.9101707321669294e-07,-30.099767801296487,286.1413148,-6.0019299
ztf_000436_zr_c02_q4_match_programid2,34554,49.276993209415636,41.27699335938365,59,0.6996100569387059,63.068360795569646,55.068360652739685,59,0.9333620449616896,988.0010821857802,13.79136758615401,285.7639002,-6.0624668
ztf_000436_zr_c02_q4_match_programid2,43432,46.073526934237286,38.07352671845544,31,1.228178281240498,49.61527117091285,41.615271068887225,31,1.3424280989963622,5.875975673564015,3.5417442366755623,286.0078031,-6.209798
ztf_000436_zr_c02_q4_match_programid2,43438,47.30579236982519,39.305791804503095,31,1.2679287678871967,52.31878239086841,44.318782176141504,31,1.429638134714242,12.261876904620657,5.0129900210432154,286.0050133,-6.2099503
ztf_000436_zr_c02_q4_match_programid2,49154,43.30994577479383,35.309946086877474,21,1.6814260041370226,32.611085887190185,24.61108600369277,21,1.1719564763663224,0.004750858483954423,-10.698859887603646,286.0773529,-6.3051654
ztf_000436_zr_c02_q4_match_programid2,49669,76.99736349702809,68.99736354112353,24,2.874890147546814,71.35127695830339,63.351276967154284,24,2.639636540298095,0.05942482150976497,-5.646086538724703,286.07682,-6.3136421
ztf_000436_zr_c02_q4_match_programid2,55131,109.5667296928862,101.56672981321297,34,2.9872567592121464,103.97571938899519,95.97571960650293,34,2.822815282544204,0.061084009831207715,-5.591010303891011,285.3574556,-5.5636932
ztf_000436_zr_c02_q4_match_programid2,60463,131.44053505378287,123.44053565054618,107,1.153649865892955,97.60765108176383,89.60765124671263,107,0.8374546845487162,4.500726183836947e-08,-33.83288397201903,285.3946801,-5.6771536
ztf_000436_zr_c02_q4_match_programid2,65278,179.06197817857995,171.0619778648923,22,7.775544448404196,37.62209105103841,29.622090896747594,22,1.3464586771248905,1.9351683379311825e-31,-141.43988712754154,286.1025257,-5.7803199
ztf_000436_zr_c02_q4_match_programid2,71172,35.2022861201701,27.202285992862294,59,0.46105569479427616,27.57387230703838,19.57387224980899,59,0.331760546606932,0.02205519935294443,-7.628413813131722,285.4295123,-5.9005546
ztf_000436_zr_c02_q4_match_programid2,77015,158.23429442849883,150.23429393501283,87,1.7268309647702624,81.4709692614669,73.47096828489839,87,0.8444938883321654,2.1431656193497405e-17,-76.76332516703192,286.0766589,-6.0110391
ztf_000436_zr_c02_q4_match_programid2,77194,318.5933219671285,310.59331839368144,50,6.211866367873629,43.434246242078025,35.434245968336896,50,0.7086849193667379,1.7781397207754313e-60,-275.15907572505046,286.1734334,-6.0148956
ztf_000436_zr_c02_q4_match_programid2,78555,83.32968526146401,75.32968369261661,25,3.0131873477046645,31.154725634825763,23.15472546169559,25,0.9261890184678236,4.681138280146892e-12,-52.17495962663824,285.7117489,-6.0420427
ztf_000436_zr_c02_q4_match_programid2,85088,211.54701517453992,203.5470149267161,52,3.914365671667617,161.92339410160332,153.923393802641,52,2.9600652654354036,1.6763611907790697e-11,-49.6236210729366,285.3619974,-6.1703934
ztf_000436_zr_c02_q4_match_programid2,85516,21.169603375859513,13.169603421516559,24,0.5487334758965233,19.601962069971055,11.601962060655021,24,0.48341508586062587,0.45665794253695724,-1.5676413058884577,286.0137652,-6.1791478
ztf_000436_zr_c02_q4_match_programid2,86806,510.31638233815517,502.31638122744425,209,2.403427661375331,428.9683075312888,420.96830594847916,209,2.01420242080612,2.1651600189095915e-18,-81.34807480686635,286.0146979,-6.2050829
ztf_000436_zr_c02_q4_match_programid2,86806,510.31638233815517,502.31638122744425,209,2.403427661375331,428.9683075312888,420.96830594847916,209,2.01420242080612,2.1651600189095915e-18,-81.34807480686635,286.0146979,-6.2050829
ztf_000436_zr_c02_q4_match_programid2,86901,80.58683251353058,72.58683288942602,53,1.3695628847061514,73.74282190740202,65.74282182280552,53,1.240430600430293,0.032646902321336206,-6.844010606128563,286.0122517,-6.2067427
ztf_000436_zr_c02_q4_match_programid2,86965,130.3424939723687,122.34249449820587,26,4.705480557623303,56.442452062809835,48.44245196379471,26,1.8631712293767195,8.97035835909454e-17,-73.90004190955885,286.0113238,-6.2081678
ztf_000436_zr_c02_q4_match_programid2,91805,51.226196606341475,43.22619638601918,44,0.9824135542277087,58.56908838097087,50.56908817555984,44,1.149297458535451,39.30870074267099,7.342891774629393,286.0771759,-6.3036629
ztf_000436_zr_c02_q4_match_programid2,95150,124.16081815797882,116.16081889677754,26,4.467723803722214,87.35009775265398,79.35009759962422,26,3.0519268307547778,1.0154385024222302e-08,-36.810720405324844,285.4709487,-5.5150823
ztf_000436_zr_c02_q4_match_programid2,99589,84.39900719561811,76.39900786329417,36,2.1221946628692825,48.5068544725986,40.50685447220963,36,1.1251904020058232,1.6073781646578953e-08,-35.892152723019514,285.7602168,-5.6285919
ztf_000436_zr_c02_q4_match_programid2,103343,1341.4505055765385,1333.4505017427805,52,25.643278879668856,1887.9761171436521,1879.9761130632974,52,36.1533867896788,4.748196255570924e+118,546.5256115671136,285.7179872,-5.7132416
ztf_000436_zr_c02_q4_match_programid2,116859,335.44495352386247,327.44495584607483,104,3.148509190827643,144.04439473971652,136.04439525078016,104,1.3081191851036553,2.740922420810506e-42,-191.40055878414594,285.7433693,-6.0059646
ztf_000436_zr_c02_q4_match_programid2,118499,37.13640219646629,29.136401861346773,30,0.9712133953782257,30.306306578197777,22.30630622498416,30,0.7435435408328053,0.03287483494654397,-6.8300956182685155,285.7101751,-6.0416976
ztf_000436_zr_c02_q4_match_programid2,120979,17.171267508482902,9.17126727562383,24,0.38213613648432626,13.563693435455718,5.563693409900145,24,0.23182055874583937,0.16467407913038878,-3.607574073027184,285.3231226,-6.0970393
ztf_000436_zr_c02_q4_match_programid2,124884,151.49624745223934,143.49625001171165,34,4.220477941520931,157.49320663858757,149.4932092529554,34,4.396859095675159,20.05502193922125,5.996959186348221,286.0120164,-6.1796801
ztf_000436_zr_c02_q4_match_programid2,126206,136.75660232422916,128.75660374196278,39,3.3014513779990455,103.04843790981485,95.04843859052419,39,2.437139451039082,4.790326331409816e-08,-33.70816441441431,286.0085833,-6.2078651
ztf_000436_zr_c02_q4_match_programid2,127135,48.75884093431627,40.758841273184956,28,1.4556729026137485,29.882529334211398,21.882529205590767,28,0.7815189001996703,7.962712155831691e-05,-18.87631160010487,286.0874867,-6.2279918
ztf_000436_zr_c02_q4_match_programid2,130978,44.728223404712836,36.72822315028004,30,1.2242741050093346,24.549498892077676,16.54949865026312,30,0.5516499550087707,4.151888158206541e-05,-20.17872451263516,286.1705375,-6.3101683
ztf_000436_zr_c02_q4_match_programid2,130996,59.121703746595024,51.121704055742406,22,2.323713820715564,45.71901461476782,37.71901486378149,22,1.7145006756264314,0.0012292579726446433,-13.402689131827202,286.076978,-6.3106098
ztf_000436_zr_c02_q4_match_programid2,131244,130.27311775233835,122.27311602262456,23,5.316222435766285,44.82035857256195,36.82035878006932,23,1.60088516435084,2.7807958869488344e-19,-85.4527591797764,286.0773971,-6.3171958
ztf_000436_zr_c02_q4_match_programid2,131939,53.25309977352008,45.25309998964412,81,0.5586802467857299,74.52577482803643,66.52577490826113,81,0.8213058630649522,41620.05940470758,21.272675054516355,286.0832829,-6.3327959
ztf_000436_zr_c02_q4_match_programid2,134079,10.371851999685433,2.371852023430972,11,0.21562291122099744,11.549483817059196,3.5494838076160162,11,0.32268034614691055,1.801853592548245,1.1776318173737632,285.6929824,-5.5440496
ztf_000436_zr_c02_q4_match_programid2,137013,26.345728372465793,18.345728248281024,18,1.0192071249045014,14.22371466766213,6.223714630114594,18,0.3457619238952552,0.0023320516732431708,-12.122013704803663,285.4619145,-5.6452245
ztf_000436_zr_c02_q4_match_programid2,137209,78.90639414282114,70.90639439000692,32,2.2158248246877164,72.72715360680331,64.7271541485469,32,2.0227235671420907,0.04551923623338987,-6.179240536017829,285.8381061,-5.6514507
ztf_000436_zr_c02_q4_match_programid2,137469,48.672786012614125,40.672786044314215,57,0.7135576499002494,57.50395570730647,49.503955581969166,57,0.8684904488064766,82.73021130460954,8.831169694692342,285.402865,-5.6606398
ztf_000436_zr_c02_q4_match_programid2,138028,64.7724379819885,56.77243800114516,59,0.9622447118838163,59.759915851647406,51.75991588804436,59,0.8772867099668535,0.08157266464985372,-5.012522130341097,286.0812663,-5.6786469
ztf_000436_zr_c02_q4_match_programid2,143377,38.40363897964239,30.403639199799752,59,0.5153159186406737,33.44467568870735,25.444675862825562,59,0.43126569259026376,0.08378664552523356,-4.9589632909350385,285.8917975,-5.8454997
ztf_000436_zr_c02_q4_match_programid2,145205,10.885361392234596,2.8853614270864583,10,0.2885361427086458,10.713443253266828,2.7134432961736357,10,0.27134432961736354,0.9176317895942562,-0.17191813896776864,285.6126547,-5.8967364
ztf_000436_zr_c02_q4_match_programid2,155480,140.91287443691579,132.9128739135047,59,2.2527605748051647,123.74270363358113,115.74270341961481,59,1.9617407359256749,0.00018687223654133693,-17.170170803334656,286.0124122,-6.2052079
ztf_000436_zr_c02_q4_match_programid2,155480,140.91287443691579,132.9128739135047,59,2.2527605748051647,123.74270363358113,115.74270341961481,59,1.9617407359256749,0.00018687223654133693,-17.170170803334656,286.0124122,-6.2052079
ztf_000436_zr_c02_q4_match_programid2,156275,104.65967035242136,96.65967009786591,47,2.0565887254865087,83.16746680000898,75.16746602684746,47,1.5993077878052653,2.152917047330123e-05,-21.492203552412377,285.550119,-6.2318557
ztf_000436_zr_c02_q4_match_programid2,159163,292.24453834014884,284.24454051487487,21,13.535454310232137,532.7054780852708,524.7054782722174,21,24.985975155819876,1.6422135163108923e+52,240.46093974512195,285.8568959,-6.327113
ztf_000436_zr_c02_q4_match_programid2,167159,35.867316973046194,27.867317121892185,52,0.5359099446517728,25.587167843296623,17.587167792521402,52,0.3382147652407962,0.005857252951719354,-10.28014912974957,285.8343171,-5.9069314
ztf_000436_zr_c02_q4_match_programid2,169091,194.9850816999524,186.9850813580981,92,2.0324465365010664,119.05327392994339,111.05327405817224,92,1.207100804980133,3.248010632653458e-17,-75.931807770009,285.7445737,-6.0044473
ztf_000436_zr_c02_q4_match_programid2,175624,18.032781358351343,10.03278141302205,10,1.003278141302205,18.650216686767106,10.650216796748653,10,1.0650216796748653,1.3616778658274011,0.6174353284157625,285.6927555,-5.5451869
ztf_000436_zr_c02_q4_match_programid2,175768,88.81225464620046,80.8122555781005,59,1.3696992470864493,56.73530898851398,48.735309413808174,59,0.8260221934543759,1.0828785527962437e-07,-32.07694565768648,285.5450488,-5.5650795
ztf_000436_zr_c02_q4_match_programid2,179394,264.79298940677506,256.792988461476,52,4.9383267011822305,212.30761360625203,204.3076134513509,52,3.928992566372133,4.008163737697427e-12,-52.48537580052303,285.4230141,-5.9224823
ztf_000436_zr_c02_q4_match_programid2,188170,45.12258395985292,37.122583618117396,21,1.7677420770532093,28.69898061721848,20.69898065644763,21,0.9856657455451253,0.0002714312505904925,-16.423603342634436,285.7209594,-6.3331083
ztf_000436_zr_c02_q4_match_programid2,188686,86.25302295648763,78.25302145456374,48,1.6302712803034112,43.552119383699974,35.55211887179802,48,0.7406691431624588,5.340926520036898e-10,-42.70090357278765,285.7591885,-5.6284731
ztf_000436_zr_c02_q4_match_programid2,190023,561.4911519125512,553.4911517612884,190,2.9131113250594125,420.6789972111841,412.6789961276421,190,2.171994716461274,2.648677694168405e-31,-140.81215470136715,286.0783891,-6.0109075
ztf_000436_zr_c02_q4_match_programid2,190023,561.4911519125512,553.4911517612884,190,2.9131113250594125,420.6789972111841,412.6789961276421,190,2.171994716461274,2.648677694168405e-31,-140.81215470136715,286.0783891,-6.0109075
ztf_000436_zr_c02_q4_match_programid2,195251,50.22526340443878,42.22526414183647,24,1.759386005909853,30.760853664704356,22.760854065340638,24,0.9483689193891932,5.9341309840184725e-05,-19.46440973973442,286.077034,-6.2984566
ztf_000436_zr_c02_q4_match_programid2,464,138.9960154172043,130.99601600171783,59,2.2202714576562346,210.7582628548525,202.75826432613312,59,3.436580751290392,3828018567080348.0,71.7622474376482,285.8572158,-5.6661621
ztf_000436_zr_c02_q4_match_programid2,505,44.08730128268985,36.087300877054076,57,0.6331105417027031,36.84748762589636,28.847487400257464,57,0.5060962701799555,0.026785171993799612,-7.239813656793487,285.8585291,-5.6870089
ztf_000436_zr_c02_q4_match_programid2,560,44.55196112052361,36.5519610594449,59,0.6195247637194051,34.22440478003003,26.224404537511806,59,0.4444814328391831,0.0057200474953228095,-10.32755634049358,285.8565489,-5.706405
ztf_000436_zr_c02_q4_match_programid2,568,94.13885634510983,86.13885585074439,100,0.8613885585074439,76.8939421824663,68.89394187073503,100,0.6889394187073503,0.00018001739347572952,-17.244914162643525,285.8565483,-5.7084642
ztf_000436_zr_c02_q4_match_programid2,601,81.42288281460698,73.42288317498885,74,0.9922011239863359,68.1118633737115,60.11186373178719,74,0.812322482861989,0.0012869120107155169,-13.311019440895478,285.8563726,-5.716585
ztf_000436_zr_c02_q4_match_programid2,612,56.000580268560014,48.00058064558957,59,0.813569163484569,50.15867674010352,42.158676924023155,59,0.7145538461698839,0.05388237956639218,-5.841903528456491,285.8560746,-5.7180953
ztf_000436_zr_c02_q4_match_programid2,1898,127.96583092692073,119.96582829390826,26,4.614070318996472,113.46486488613176,105.46486197350164,26,4.056340845134678,0.0007098314429606936,-14.500966040788967,286.0631907,-6.3253716
ztf_000436_zr_c02_q4_match_programid2,1906,3717.677754491543,3709.677734662801,35,105.99079241893718,2764.387563092304,2756.387531946601,35,78.7539294841886,9.900681994903522e-208,-953.2901913992391,285.4143058,-6.328324
ztf_000436_zr_c02_q4_match_programid2,1980,161.8145573218988,153.81455954984636,52,2.957972299035507,143.33724352502043,135.33724481389368,52,2.602639323344109,9.720806288570062e-05,-18.477313796878377,286.0757457,-6.3360803
ztf_000436_zr_c02_q4_match_programid2,3000,140.52362390201057,132.52362320174515,57,2.324975845644652,123.49741866650277,115.49741794365099,57,2.026270490239491,0.00020081979029564845,-17.026205235507803,286.0755607,-6.3508689
ztf_000436_zr_c02_q4_match_programid2,4731,135.5585432546804,127.55854237548067,31,4.114791689531635,189.2009716722958,181.20097280005126,31,5.8451926709693955,444943973441.53253,53.642428417615406,286.0738007,-6.3764113
ztf_000436_zr_c02_q4_match_programid2,5181,42.042776983082014,34.04277671635531,30,1.1347592238785105,36.95329874186335,28.953298734247124,30,0.9651099578082375,0.07849352665329923,-5.089478241218664,285.5823878,-5.588696
ztf_000436_zr_c02_q4_match_programid2,5213,242.21937374295544,234.2193740451468,26,9.008437463274877,189.6383398118945,181.6383403751883,26,6.986090014430319,3.820969363090015e-12,-52.581033931060944,285.5812012,-5.5998712
ztf_000436_zr_c02_q4_match_programid2,7716,90.44371269402012,82.44371384476815,57,1.4463809446450553,73.62542812397221,65.62542874912155,57,1.1513233113880974,0.00022282089179630936,-16.818284570047908,285.3759995,-6.3594498
ztf_000436_zr_c02_q4_match_programid2,9291,1219.3983000915198,1211.3982902496284,56,21.632112325886222,743.0142839392794,735.0142770820283,56,13.125254947893364,3.585298001919106e-104,-476.3840161522404,286.0707157,-5.7646706
ztf_000436_zr_c02_q4_match_programid2,9828,124.67498702232712,116.67498789552775,36,3.240971885986882,40.22532549405983,32.225325557024036,36,0.8951479321395566,4.591863820454828e-19,-84.44966152826728,286.0710591,-6.0212588
ztf_000436_zr_c02_q4_match_programid2,9883,79.17371069116395,71.17371056671364,31,2.295926147313343,34.937476707968585,26.93747673484485,31,0.86895086241435,2.4786992790745266e-10,-44.23623398319536,286.0718209,-6.057547
ztf_000436_zr_c02_q4_match_programid2,9924,254.4881919789872,246.48819030758193,35,7.042519723073769,82.38367029083996,74.38366993137643,35,2.125247712325041,4.2459801560216254e-38,-172.10452168814726,286.0708323,-6.0808854
ztf_000436_zr_c02_q4_match_programid2,10908,87.85621603859586,79.85621665053003,71,1.124735445782113,68.29074224872234,60.29074249935197,71,0.8491653873148165,5.6417176670179556e-05,-19.565473789873522,285.3811449,-6.3604439
ztf_000436_zr_c02_q4_match_programid2,10922,673.4948894880346,665.4948820943683,58,11.474049691282213,272.63462317559504,264.6346211469799,58,4.562665881844481,9.001174125860947e-88,-400.86026631243953,285.3785448,-6.3609662
ztf_000436_zr_c02_q4_match_programid2,10988,40.049812106349584,32.04981249287108,30,1.0683270830957026,35.15144058399411,27.151440592455856,30,0.9050480197485286,0.08636387870104675,-4.898371522355475,285.3063737,-6.3639386
ztf_000436_zr_c02_q4_match_programid2,11984,960.5082708387228,952.5082706120949,73,13.048058501535547,964.1738512960228,956.1738507897228,73,13.098271928626339,6.251304916841404,3.6655804573000523,286.0707326,-5.7244019
ztf_000436_zr_c02_q4_match_programid2,12641,124.76790386420164,116.76790273670275,41,2.847997627724457,60.59048678281153,52.590486062456556,41,1.2826947820111354,1.1589133064078615e-14,-64.1774170813901,286.0713476,-6.0614765
ztf_000436_zr_c02_q4_match_programid2,12673,74.86778078796549,66.86778043220848,35,1.9105080123488136,43.221347655747415,35.221347754485954,35,1.0063242215567416,1.342963964178362e-07,-31.64643313221807,286.0734541,-6.0829428
ztf_000436_zr_c02_q4_match_programid2,12723,232.42111202489113,224.42111268678195,48,4.67543984764129,137.9486870943919,129.94868777440917,48,2.7072643286335243,3.058958466576612e-21,-94.47242493049924,286.0711907,-6.1068881
ztf_000436_zr_c02_q4_match_programid2,15027,197.8174261281378,189.81742609365617,51,3.721910315561886,56.210457492609734,48.21045734044494,51,0.9453030851067635,1.7800715587687047e-31,-141.60696863552806,285.3761155,-6.3650451
ztf_000436_zr_c02_q4_match_programid2,16653,613.8644500577248,605.8644524078514,112,5.4095040393558165,437.7886191042976,429.7886211936224,112,3.8373984035144857,5.829336290485688e-39,-176.07583095342716,285.379842,-6.3620646
ztf_000436_zr_c02_q4_match_programid2,17019,311.68988034572214,303.68987788508025,114,2.663946297237546,205.0264187546411,197.02641730770128,114,1.728301906207906,6.8916562194243e-24,-106.66346159108105,285.3755947,-6.3640661
ztf_000436_zr_c02_q4_match_programid2,17676,116.71952478941868,108.71952481235326,39,2.7876801233936734,84.22838493143523,76.22838505229961,39,1.95457397569999,8.803160590032666e-08,-32.491139857983455,285.4175787,-5.7231665
ztf_000436_zr_c02_q4_match_programid2,17713,104.59261740785439,96.59261809214546,45,2.1465026242698992,33.66228954004538,25.66228949652024,45,0.570273099922672,3.9598159780618885e-16,-70.93032786780901,285.4186434,-5.9382362
ztf_000436_zr_c02_q4_match_programid2,17729,265.13876779770334,257.13876934709015,29,8.866854115416901,105.50076777231473,97.50076894696255,29,3.362095480929743,2.1629612721050567e-35,-159.6380000253886,286.0715673,-6.144073
ztf_000436_zr_c02_q4_match_programid2,19947,102.18055507125905,94.18055522860713,27,3.4881687121706344,23.696206871440616,15.69620673318614,27,0.5813409901180052,9.06442647357034e-18,-78.48434819981844,286.0730061,-5.9415867
ztf_000436_zr_c02_q4_match_programid2,23078,43.34021894069355,35.3402185756608,38,0.9300057519910737,34.15234031109255,26.152340012722732,38,0.6882194740190193,0.010112941741820394,-9.187878629601002,286.0622175,-5.843507
ztf_000436_zr_c02_q4_match_programid2,60913,281.6051950013344,273.60519215976694,54,5.066762817773462,238.12385346765643,230.12385146379924,54,4.261552804885171,3.6153192456747624e-10,-43.48134153367795,285.4188784,-6.4000627
ztf_000436_zr_c02_q4_match_programid2,64192,457.6816222233673,449.6816200087381,104,4.323861730853251,366.6186237744262,358.61862339584553,104,3.4482559941908226,1.6823685225972424e-20,-91.06299844894107,285.3785448,-6.3609662
ztf_000436_zr_c02_q4_match_programid2,105344,960.5082708387228,952.5082706120949,73,13.048058501535547,964.1738512960228,956.1738507897228,73,13.098271928626339,6.251304916841404,3.6655804573000523,286.0708336,-5.7245223
ztf_000436_zr_c02_q4_match_programid2,114679,2118.0330061144005,2110.0330062348,67,31.49302994380298,1750.7429985465449,1742.7429917551622,67,26.011089429181524,1.7538329598812993e-80,-367.2900075678556,285.8574251,-6.403307
